pick_id,fixture_id,odds_event_id,home_team,away_team,home,away,match_date,minute,score,data,liga,league,country,mecz,match,market,signal,typ,bookmaker,odds_api_market,closing_outcome_name,kurs_buk,odds,kurs_model,kurs_bota,fair_odds,prawd_model,prawd_rynek,prawd_final,confidence,xg_probability,bayesian_probability,ensemble_probability,edge,ev,ev_percent,kelly_full,kelly_25,stage_kelly_fraction,recommended_stake,stake,home_xg,away_xg,tempo_score,tempo_level,pressure,momentum,tempo_data_verified,data_provenance,market_movement,market_direction,market_signal,clv_percent,clv_status,filter_status,filter_reason,marza_sum,marza_%,risk_level,ai_risk,risk,sharp_score,sharp_label,sharp_signals,stage_a_probability,advanced_total_xg,advanced_over25_prob,momentum_score,momentum_label,confidence_calibrated_v2,meta_probability,meta_weight_model,meta_weight_market,meta_weight_xg,meta_weight_momentum,meta_weight_sharp,dynamic_stake,ai_pick_score,best_pick,best_pick_label,status,bot_mode,bot_label
d5db4f07119fc2b13988641f,1550894,,Necaxa,Atlante FC,Necaxa,Atlante FC,2026-07-17T01:00:00+00:00,45,0-0,2026-07-17 03:50,Liga MX / Mexico,Liga MX,Mexico,Necaxa vs Atlante FC,Necaxa vs Atlante FC,UNDER_3.5,Under 3.5,Under 3.5,Superbet,totals,Under,3.2,3.2,1.02,1.07,1.07,0.9778,0.8416,0.9386,93.86,0.9777916843983416,0.9573605555009667,0.929,0.1152,2.0034,200.34,0.9106,0.05,0.9106,20.0,20.0,0.45,0.6,,NO_DATA,,,False,API_FOOTBALL_FIXTURES+API_FOOTBALL_ODDS+API_FOOTBALL_TEAM_RESULTS,0.0,STABLE,NO_SIGNAL,0,PENDING_CLV,ACCEPTED,ACCEPTED,0.3713,-62.87,TOP,LOW,LOW,0,NEUTRAL,NO_SHARP_SIGNAL,0.9385623888506767,1.05,35.0,0.0,LOW,88.46,93.88,0.3,0.2,0.2,0.15,0.15,27.6,92.34,True,TOP PICK,1H,low,PREMATCH LOW
f6e6fa7322745c9c35500e37,1540103,,Sarmiento Junin,Boca Juniors,Sarmiento Junin,Boca Juniors,2026-07-17T00:45:00+00:00,45,0-0,2026-07-17 03:50,Copa Argentina / Argentina,Copa Argentina,Argentina,Sarmiento Junin vs Boca Juniors,Sarmiento Junin vs Boca Juniors,OVER_0.5,Over 0.5,Over 0.5,Betano,totals,Over,3.35,3.35,1.1,1.15,1.15,0.91,0.7433,0.8662,86.62,0.9100498280378595,0.8850366067057437,0.8503,0.1654,1.9018,190.18,0.8093,0.05,0.8093,20.0,20.0,0.95,1.6,,NO_DATA,,,False,API_FOOTBALL_FIXTURES+API_FOOTBALL_ODDS+API_FOOTBALL_TEAM_RESULTS,0.0,STABLE,NO_SIGNAL,0,PENDING_CLV,ACCEPTED,ACCEPTED,0.4016,-59.84,TOP,LOW,LOW,0,NEUTRAL,NO_SHARP_SIGNAL,0.8662156246940205,2.55,85.0,0.0,LOW,87.22,86.35,0.3,0.2,0.2,0.15,0.15,27.6,88.25,True,TOP PICK,HT,low,PREMATCH LOW
35cea831ec2571a30461d8c0,1584864,,Jong AZ,Jong Ajax,Jong AZ,Jong Ajax,2026-07-17T10:00:00+00:00,,None-None,2026-07-17 03:51,Friendlies Clubs / World,Friendlies Clubs,World,Jong AZ vs Jong Ajax,Jong AZ vs Jong Ajax,OVER_2.5,Over 2.5,Over 2.5,Betfair,totals,Over,3.3,3.3,1.29,1.39,1.39,0.7734,0.5319,0.7176,71.76,0.7733772756930367,0.7371579183816344,0.6869,0.3491,1.368,136.8,0.5948,0.05,0.5948,20.0,20.0,2.35,1.73,,NO_DATA,,,False,API_FOOTBALL_FIXTURES+API_FOOTBALL_ODDS+API_FOOTBALL_TEAM_RESULTS,0.0,STABLE,NO_SIGNAL,0,PENDING_CLV,ACCEPTED,ACCEPTED,0.5697,-43.03,TOP,MEDIUM,MEDIUM,0,NEUTRAL,NO_SHARP_SIGNAL,0.717580542867144,4.08,97.0,0.0,LOW,78.48,70.83,0.3,0.2,0.2,0.15,0.15,23.0,73.31,True,BEST PICK,NS,low,PREMATCH LOW
31ca2a6359b0ba22291a68d2,1554985,,Zbrojovka Brno,Podbrezová,Zbrojovka Brno,Podbrezová,2026-07-17T15:00:00+00:00,,None-None,2026-07-17 03:52,Friendlies Clubs / World,Friendlies Clubs,World,Zbrojovka Brno vs Podbrezová,Zbrojovka Brno vs Podbrezová,OVER_1.5,Over 1.5,Over 1.5,Betano,totals,Over,2.65,2.65,1.16,1.25,1.25,0.8593,0.6015,0.7981,79.81,0.8593063551988993,0.8206359658288388,0.7669,0.3268,1.115,111.5,0.6757,0.05,0.6757,20.0,20.0,1.91,1.46,,NO_DATA,,,False,API_FOOTBALL_FIXTURES+API_FOOTBALL_ODDS+API_FOOTBALL_TEAM_RESULTS,0.0,STABLE,NO_SIGNAL,0,PENDING_CLV,ACCEPTED,ACCEPTED,0.6274,-37.26,TOP,LOW,LOW,0,NEUTRAL,NO_SHARP_SIGNAL,0.7980951760801871,3.37,97.0,0.0,LOW,83.69,78.94,0.3,0.2,0.2,0.15,0.15,27.6,71.79,True,BEST PICK,NS,low,PREMATCH LOW
750c1d37b5f570b5bbeb3b12,1583333,,Leganes,Albacete,Leganes,Albacete,2026-07-17T08:30:00+00:00,,None-None,2026-07-17 03:50,Friendlies Clubs / World,Friendlies Clubs,World,Leganes vs Albacete,Leganes vs Albacete,OVER_1.5,Over 1.5,Over 1.5,Marathonbet,totals,Over,2.99,2.99,1.34,1.44,1.44,0.7485,0.5246,0.6969,69.69,0.7484549692482289,0.7148830672632203,0.6683,0.3283,1.0836,108.36,0.5445,0.05,0.5445,20.0,20.0,1.05,1.57,,NO_DATA,,,False,API_FOOTBALL_FIXTURES+API_FOOTBALL_ODDS+API_FOOTBALL_TEAM_RESULTS,0.0,STABLE,NO_SIGNAL,0,PENDING_CLV,ACCEPTED,ACCEPTED,0.6375,-36.25,TOP,MEDIUM,MEDIUM,0,NEUTRAL,NO_SHARP_SIGNAL,0.6968581470842541,2.62,87.33,0.0,LOW,70.57,68.82,0.3,0.2,0.2,0.15,0.15,23.0,65.01,True,BEST PICK,NS,low,PREMATCH LOW
a2c845f27156b07c7a89fee2,1521981,,Bentleigh Greens,Dandenong City,Bentleigh Greens,Dandenong City,2026-07-17T09:30:00+00:00,,None-None,2026-07-17 03:50,Victoria NPL / Australia,Victoria NPL,Australia,Bentleigh Greens vs Dandenong City,Bentleigh Greens vs Dandenong City,OVER_1.5,Over 1.5,Over 1.5,Betano,totals,Over,2.65,2.65,1.19,1.28,1.28,0.8372,0.5954,0.7799,77.99,0.8372317193595051,0.800959938554816,0.7506,0.3098,1.0666,106.66,0.6464,0.05,0.6464,20.0,20.0,0.9,2.3,,NO_DATA,,,False,API_FOOTBALL_FIXTURES+API_FOOTBALL_ODDS+API_FOOTBALL_TEAM_RESULTS,0.0,STABLE,NO_SIGNAL,0,PENDING_CLV,ACCEPTED,ACCEPTED,0.6338,-36.62,TOP,LOW,LOW,0,NEUTRAL,NO_SHARP_SIGNAL,0.7798519569883712,3.2,97.0,0.0,LOW,81.19,77.17,0.3,0.2,0.2,0.15,0.15,27.6,69.43,True,BEST PICK,NS,low,PREMATCH LOW
1e7d6321b3572afafe43a501,1516060,,Navbahor,Olmaliq,Navbahor,Olmaliq,2026-07-17T15:00:00+00:00,,None-None,2026-07-17 03:52,Super League / Uzbekistan,Super League,Uzbekistan,Navbahor vs Olmaliq,Navbahor vs Olmaliq,OVER_1.5,Over 1.5,Over 1.5,Betfair,totals,Over,3.2,3.2,1.47,1.56,1.56,0.6823,0.4953,0.6398,63.98,0.6823047541338191,0.6542492618339355,0.6153,0.2918,1.0474,104.74,0.4761,0.05,0.4761,20.0,20.0,1.25,1.05,,NO_DATA,,,False,API_FOOTBALL_FIXTURES+API_FOOTBALL_ODDS+API_FOOTBALL_TEAM_RESULTS,0.0,STABLE,NO_SIGNAL,0,PENDING_CLV,ACCEPTED,ACCEPTED,0.631,-36.9,TOP,HIGH,HIGH,0,NEUTRAL,NO_SHARP_SIGNAL,0.6398044832837548,2.3,76.67,0.0,LOW,63.58,63.21,0.3,0.2,0.2,0.15,0.15,23.0,60.36,True,VALUE PICK,NS,low,PREMATCH LOW
a879270780de215be42e9786,1547982,,Lincoln,Leyton Orient,Lincoln,Leyton Orient,2026-07-17T15:00:00+00:00,,None-None,2026-07-17 03:52,Friendlies Clubs / World,Friendlies Clubs,World,Lincoln vs Leyton Orient,Lincoln vs Leyton Orient,OVER_1.5,Over 1.5,Over 1.5,Marathonbet,totals,Over,2.57,2.57,1.18,1.26,1.26,0.851,0.6088,0.7932,79.32,0.8509907452713105,0.8146663343938558,0.7642,0.3028,1.0385,103.85,0.6615,0.05,0.6615,20.0,20.0,1.3,2.0,,NO_DATA,,,False,API_FOOTBALL_FIXTURES+API_FOOTBALL_ODDS+API_FOOTBALL_TEAM_RESULTS,0.0,STABLE,NO_SIGNAL,0,PENDING_CLV,ACCEPTED,ACCEPTED,0.6391,-36.09,TOP,LOW,LOW,0,NEUTRAL,NO_SHARP_SIGNAL,0.793196434075699,3.3,97.0,0.0,LOW,82.92,78.52,0.3,0.2,0.2,0.15,0.15,27.6,69.58,True,BEST PICK,NS,low,PREMATCH LOW
c5f89cb01d96e2ae4769160a,1533745,,Suwon FMC W,Hwacheon KSPO W,Suwon FMC W,Hwacheon KSPO W,2026-07-17T10:00:00+00:00,,None-None,2026-07-17 03:51,WK-League / South-Korea,WK-League,South-Korea,Suwon FMC W vs Hwacheon KSPO W,Suwon FMC W vs Hwacheon KSPO W,OVER_1.5,Over 1.5,Over 1.5,Marathonbet,totals,Over,2.6,2.6,1.2,1.28,1.28,0.8323,0.6061,0.7782,77.82,0.8323401707570935,0.7983982360526204,0.7513,0.2841,1.0234,102.34,0.6396,0.05,0.6396,20.0,20.0,1.9,1.25,,NO_DATA,,,False,API_FOOTBALL_FIXTURES+API_FOOTBALL_ODDS+API_FOOTBALL_TEAM_RESULTS,0.0,STABLE,NO_SIGNAL,0,PENDING_CLV,ACCEPTED,ACCEPTED,0.6346,-36.54,TOP,LOW,LOW,0,NEUTRAL,NO_SHARP_SIGNAL,0.7782387652368342,3.15,97.0,0.0,LOW,80.82,77.09,0.3,0.2,0.2,0.15,0.15,27.6,68.06,True,BEST PICK,NS,low,PREMATCH LOW
5de1c2d63a37d4803900dd3e,1528652,,Suzhou Dongwu,Shenzhen Juniors,Suzhou Dongwu,Shenzhen Juniors,2026-07-17T11:00:00+00:00,,None-None,2026-07-17 03:51,League One / China,League One,China,Suzhou Dongwu vs Shenzhen Juniors,Suzhou Dongwu vs Shenzhen Juniors,OVER_1.5,Over 1.5,Over 1.5,Superbet,totals,Over,2.65,2.65,1.23,1.32,1.32,0.8113,0.5891,0.7585,75.85,0.8112562425634589,0.7779398992021958,0.7317,0.2875,1.0101,101.01,0.6122,0.05,0.6122,20.0,20.0,1.1,1.9,,NO_DATA,,,False,API_FOOTBALL_FIXTURES+API_FOOTBALL_ODDS+API_FOOTBALL_TEAM_RESULTS,0.0,STABLE,NO_SIGNAL,0,PENDING_CLV,ACCEPTED,ACCEPTED,0.6405,-35.95,TOP,LOW,LOW,0,NEUTRAL,NO_SHARP_SIGNAL,0.758517929441537,3.0,97.0,0.0,LOW,78.25,75.1,0.3,0.2,0.2,0.15,0.15,27.6,66.64,True,BEST PICK,NS,low,PREMATCH LOW
98169785d30f2d3c14a5b16b,1521980,,Green Gully,Dandenong Thunder,Green Gully,Dandenong Thunder,2026-07-17T09:30:00+00:00,,None-None,2026-07-17 03:50,Victoria NPL / Australia,Victoria NPL,Australia,Green Gully vs Dandenong Thunder,Green Gully vs Dandenong Thunder,OVER_1.5,Over 1.5,Over 1.5,Betano,totals,Over,2.5,2.5,1.17,1.25,1.25,0.857,0.6269,0.8015,80.15,0.8569601067705369,0.8224459415012251,0.7745,0.2785,1.0037,100.37,0.6691,0.05,0.6691,20.0,20.0,1.95,1.4,,NO_DATA,,,False,API_FOOTBALL_FIXTURES+API_FOOTBALL_ODDS+API_FOOTBALL_TEAM_RESULTS,0.0,STABLE,NO_SIGNAL,0,PENDING_CLV,ACCEPTED,ACCEPTED,0.6381,-36.19,TOP,LOW,LOW,0,NEUTRAL,NO_SHARP_SIGNAL,0.8014621590508575,3.35,97.0,0.0,LOW,83.95,79.43,0.3,0.2,0.2,0.15,0.15,27.6,69.02,True,BEST PICK,NS,low,PREMATCH LOW
e6ad6bffffa0f47e6a11e3db,1516062,,Pakhtakor,Lokomotiv,Pakhtakor,Lokomotiv,2026-07-17T15:00:00+00:00,,None-None,2026-07-17 03:52,Super League / Uzbekistan,Super League,Uzbekistan,Pakhtakor vs Lokomotiv,Pakhtakor vs Lokomotiv,OVER_1.5,Over 1.5,Over 1.5,Betfair,totals,Over,2.63,2.63,1.28,1.35,1.35,0.7805,0.6092,0.7388,73.88,0.7804601607880196,0.754773008883784,0.7191,0.2127,0.9431,94.31,0.5786,0.05,0.5786,20.0,20.0,1.65,1.15,,NO_DATA,,,False,API_FOOTBALL_FIXTURES+API_FOOTBALL_ODDS+API_FOOTBALL_TEAM_RESULTS,0.0,STABLE,NO_SIGNAL,0,PENDING_CLV,ACCEPTED,ACCEPTED,0.6241,-37.59,TOP,MEDIUM,MEDIUM,0,NEUTRAL,NO_SHARP_SIGNAL,0.7388211062186487,2.8,93.33,0.0,LOW,75.48,73.37,0.3,0.2,0.2,0.15,0.15,23.0,62.96,True,VALUE PICK,NS,low,PREMATCH LOW
256c1b87e29c009a929bc2c0,1554977,,De Graafschap,Telstar,De Graafschap,Telstar,2026-07-17T12:00:00+00:00,,None-None,2026-07-17 03:51,Friendlies Clubs / World,Friendlies Clubs,World,De Graafschap vs Telstar,De Graafschap vs Telstar,OVER_1.5,Over 1.5,Over 1.5,Marathonbet,totals,Over,2.27,2.27,1.12,1.19,1.19,0.8922,0.6961,0.8428,84.28,0.8921797551959905,0.8627704625993228,0.8219,0.2107,0.9131,91.31,0.719,0.05,0.719,20.0,20.0,1.67,2.03,,NO_DATA,,,False,API_FOOTBALL_FIXTURES+API_FOOTBALL_ODDS+API_FOOTBALL_TEAM_RESULTS,0.0,STABLE,NO_SIGNAL,0,PENDING_CLV,ACCEPTED,ACCEPTED,0.6328,-36.72,TOP,LOW,LOW,0,NEUTRAL,NO_SHARP_SIGNAL,0.8427693238195259,3.7,97.0,0.0,LOW,89.48,83.81,0.3,0.2,0.2,0.15,0.15,27.6,68.77,True,BEST PICK,NS,low,PREMATCH LOW
7431b9a88be25d386085c88b,1550571,,Aalborg,Silkeborg,Aalborg,Silkeborg,2026-07-17T11:00:00+00:00,,None-None,2026-07-17 03:51,Friendlies Clubs / World,Friendlies Clubs,World,Aalborg vs Silkeborg,Aalborg vs Silkeborg,OVER_1.5,Over 1.5,Over 1.5,Marathonbet,totals,Over,2.14,2.14,1.07,1.12,1.12,0.9384,0.7523,0.89,89.0,0.938415104695036,0.9105000612130028,0.8717,0.1829,0.9045,90.45,0.7934,0.05,0.7934,20.0,20.0,1.79,2.59,,NO_DATA,,,False,API_FOOTBALL_FIXTURES+API_FOOTBALL_ODDS+API_FOOTBALL_TEAM_RESULTS,0.0,STABLE,NO_SIGNAL,0,PENDING_CLV,ACCEPTED,ACCEPTED,0.6211,-37.89,TOP,LOW,LOW,0,NEUTRAL,NO_SHARP_SIGNAL,0.8899500428491018,4.38,97.0,0.0,LOW,96.92,88.67,0.3,0.2,0.2,0.15,0.15,27.6,71.34,True,BEST PICK,NS,low,PREMATCH LOW
f6a0f8b9eb35846329270372,1560627,,SKN ST. Polten,Slovan Liberec,SKN ST. Polten,Slovan Liberec,2026-07-17T13:00:00+00:00,,None-None,2026-07-17 03:52,Friendlies Clubs / World,Friendlies Clubs,World,SKN ST. Polten vs Slovan Liberec,SKN ST. Polten vs Slovan Liberec,OVER_1.5,Over 1.5,Over 1.5,Marathonbet,totals,Over,2.25,2.25,1.15,1.22,1.22,0.8681,0.6897,0.8229,82.29,0.8681012289670437,0.8413343204840561,0.8042,0.1932,0.8515,85.15,0.6812,0.05,0.6812,20.0,20.0,1.88,1.57,,NO_DATA,,,False,API_FOOTBALL_FIXTURES+API_FOOTBALL_ODDS+API_FOOTBALL_TEAM_RESULTS,0.0,STABLE,NO_SIGNAL,0,PENDING_CLV,ACCEPTED,ACCEPTED,0.6444,-35.56,TOP,LOW,LOW,0,NEUTRAL,NO_SHARP_SIGNAL,0.8229040243388392,3.45,97.0,0.0,LOW,86.49,81.89,0.3,0.2,0.2,0.15,0.15,27.6,65.99,True,BEST PICK,NS,low,PREMATCH LOW
8533e86f6312ec4fd9a402ed,1547974,,Vejle,HB Koge,Vejle,HB Koge,2026-07-17T11:00:00+00:00,,None-None,2026-07-17 03:51,Friendlies Clubs / World,Friendlies Clubs,World,Vejle vs HB Koge,Vejle vs HB Koge,OVER_1.5,Over 1.5,Over 1.5,Marathonbet,totals,Over,2.21,2.21,1.17,1.21,1.21,0.8571,0.7463,0.8259,82.59,0.8570782368122868,0.8404567997979064,0.8174,0.1067,0.8253,82.53,0.6821,0.05,0.6821,20.0,20.0,1.47,1.88,,NO_DATA,,,False,API_FOOTBALL_FIXTURES+API_FOOTBALL_ODDS+API_FOOTBALL_TEAM_RESULTS,0.0,STABLE,NO_SIGNAL,0,PENDING_CLV,ACCEPTED,ACCEPTED,0.6063,-39.37,TOP,LOW,LOW,0,NEUTRAL,NO_SHARP_SIGNAL,0.8259197598585345,3.35,97.0,0.0,LOW,86.39,82.56,0.3,0.2,0.2,0.15,0.15,27.6,64.29,True,VALUE PICK,NS,low,PREMATCH LOW
62773b855aa7aa3bb20ac36b,1517597,,Sydney FC U23,Manly United,Sydney FC U23,Manly United,2026-07-17T09:30:00+00:00,,None-None,2026-07-17 03:50,New South Wales NPL / Australia,New South Wales NPL,Australia,Sydney FC U23 vs Manly United,Sydney FC U23 vs Manly United,OVER_1.5,Over 1.5,Over 1.5,Betfair,totals,Over,2.63,2.63,1.4,1.46,1.46,0.7148,0.6033,0.6869,68.69,0.7147995803473375,0.6980773808517979,0.6749,0.1386,0.8066,80.66,0.4949,0.05,0.4949,20.0,20.0,1.0,1.45,,NO_DATA,,,False,API_FOOTBALL_FIXTURES+API_FOOTBALL_ODDS+API_FOOTBALL_TEAM_RESULTS,0.0,STABLE,NO_SIGNAL,0,PENDING_CLV,ACCEPTED,ACCEPTED,0.6302,-36.98,TOP,MEDIUM,MEDIUM,0,NEUTRAL,NO_SHARP_SIGNAL,0.6869241665962585,2.45,81.67,0.0,LOW,68.89,68.41,0.3,0.2,0.2,0.15,0.15,23.0,56.0,True,VALUE PICK,NS,low,PREMATCH LOW
6c494857c30c22c410df6983,1547976,,Korona Kielce,Nieciecza,Korona Kielce,Nieciecza,2026-07-17T12:30:00+00:00,,None-None,2026-07-17 03:51,Friendlies Clubs / World,Friendlies Clubs,World,Korona Kielce vs Nieciecza,Korona Kielce vs Nieciecza,OVER_1.5,Over 1.5,Over 1.5,Marathonbet,totals,Over,2.27,2.27,1.21,1.26,1.26,0.8249,0.7079,0.7932,79.32,0.8248538228073365,0.8073033555638423,0.7829,0.1206,0.8006,80.06,0.6304,0.05,0.6304,20.0,20.0,1.02,2.08,,NO_DATA,,,False,API_FOOTBALL_FIXTURES+API_FOOTBALL_ODDS+API_FOOTBALL_TEAM_RESULTS,0.0,STABLE,NO_SIGNAL,0,PENDING_CLV,ACCEPTED,ACCEPTED,0.6223,-37.77,TOP,LOW,LOW,0,NEUTRAL,NO_SHARP_SIGNAL,0.7932023488946895,3.1,97.0,0.0,LOW,82.12,79.2,0.3,0.2,0.2,0.15,0.15,27.6,61.99,True,VALUE PICK,NS,low,PREMATCH LOW
ca27241f4a471190c52b5989,1517903,,Hurstville FC,Dulwich Hill,Hurstville FC,Dulwich Hill,2026-07-17T10:00:00+00:00,,None-None,2026-07-17 03:50,New South Wales NPL 2 / Australia,New South Wales NPL 2,Australia,Hurstville FC vs Dulwich Hill,Hurstville FC vs Dulwich Hill,OVER_1.5,Over 1.5,Over 1.5,Betfair,totals,Over,2.25,2.25,1.19,1.25,1.25,0.8389,0.6809,0.7985,79.85,0.8388661520898776,0.815163888850864,0.7822,0.1728,0.7966,79.66,0.6373,0.05,0.6373,20.0,20.0,1.9,1.3,,NO_DATA,,,False,API_FOOTBALL_FIXTURES+API_FOOTBALL_ODDS+API_FOOTBALL_TEAM_RESULTS,0.0,STABLE,NO_SIGNAL,0,PENDING_CLV,ACCEPTED,ACCEPTED,0.6528,-34.72,TOP,LOW,LOW,0,NEUTRAL,NO_SHARP_SIGNAL,0.7984947221956047,3.2,97.0,0.0,LOW,83.05,79.52,0.3,0.2,0.2,0.15,0.15,27.6,63.05,True,VALUE PICK,NS,low,PREMATCH LOW
f277ab6d4c2c28e484336853,1554978,,FC Nordsjaelland,Jagiellonia,FC Nordsjaelland,Jagiellonia,2026-07-17T13:00:00+00:00,,None-None,2026-07-17 03:51,Friendlies Clubs / World,Friendlies Clubs,World,FC Nordsjaelland vs Jagiellonia,FC Nordsjaelland vs Jagiellonia,OVER_1.5,Over 1.5,Over 1.5,Marathonbet,totals,Over,2.36,2.36,1.27,1.32,1.32,0.785,0.6878,0.7583,75.83,0.784965962506469,0.7703956713051018,0.7502,0.1025,0.7897,78.97,0.5806,0.05,0.5806,20.0,20.0,1.04,1.79,,NO_DATA,,,False,API_FOOTBALL_FIXTURES+API_FOOTBALL_ODDS+API_FOOTBALL_TEAM_RESULTS,0.0,STABLE,NO_SIGNAL,0,PENDING_CLV,ACCEPTED,ACCEPTED,0.616,-38.4,TOP,LOW,LOW,0,NEUTRAL,NO_SHARP_SIGNAL,0.7583369699135711,2.83,94.33,0.0,LOW,77.55,75.76,0.3,0.2,0.2,0.15,0.15,27.6,59.38,True,VALUE PICK,NS,low,PREMATCH LOW
4f5ec79314b1f60d3fbf4b1e,1554981,,Sonderjyske,Kolding IF,Sonderjyske,Kolding IF,2026-07-17T10:00:00+00:00,,None-None,2026-07-17 03:51,Friendlies Clubs / World,Friendlies Clubs,World,Sonderjyske vs Kolding IF,Sonderjyske vs Kolding IF,OVER_1.5,Over 1.5,Over 1.5,Marathonbet,totals,Over,2.1,2.1,1.14,1.18,1.18,0.8792,0.7692,0.8477,84.77,0.8792030396147802,0.8627071990571784,0.8398,0.102,0.7801,78.01,0.7092,0.05,0.7092,20.0,20.0,1.57,1.99,,NO_DATA,,,False,API_FOOTBALL_FIXTURES+API_FOOTBALL_ODDS+API_FOOTBALL_TEAM_RESULTS,0.0,STABLE,NO_SIGNAL,0,PENDING_CLV,ACCEPTED,ACCEPTED,0.619,-38.1,TOP,LOW,LOW,0,NEUTRAL,NO_SHARP_SIGNAL,0.8476750393400249,3.56,97.0,0.0,LOW,89.41,84.78,0.3,0.2,0.2,0.15,0.15,27.6,64.68,True,VALUE PICK,NS,low,PREMATCH LOW
41d68e9e115e413975f7a978,1547975,,Feyenoord,Charleroi,Feyenoord,Charleroi,2026-07-17T11:30:00+00:00,,None-None,2026-07-17 03:51,Friendlies Clubs / World,Friendlies Clubs,World,Feyenoord vs Charleroi,Feyenoord vs Charleroi,OVER_1.5,Over 1.5,Over 1.5,Betano,totals,Over,2.05,2.05,1.11,1.15,1.15,0.9006,0.7853,0.8675,86.75,0.9006445360183181,0.8833489027359892,0.8593,0.1046,0.7784,77.84,0.7414,0.05,0.7414,20.0,20.0,1.75,2.05,,NO_DATA,,,False,API_FOOTBALL_FIXTURES+API_FOOTBALL_ODDS+API_FOOTBALL_TEAM_RESULTS,0.0,STABLE,NO_SIGNAL,0,PENDING_CLV,ACCEPTED,ACCEPTED,0.6211,-37.89,TOP,LOW,LOW,0,NEUTRAL,NO_SHARP_SIGNAL,0.8675242319151923,3.8,97.0,0.0,LOW,92.35,86.76,0.3,0.2,0.2,0.15,0.15,27.6,65.97,True,BEST PICK,NS,low,PREMATCH LOW
1e6b03f82320aa09a79f5bff,1554988,,Montpellier,Le Puy Foot,Montpellier,Le Puy Foot,2026-07-17T15:00:00+00:00,,None-None,2026-07-17 03:52,Friendlies Clubs / World,Friendlies Clubs,World,Montpellier vs Le Puy Foot,Montpellier vs Le Puy Foot,OVER_1.5,Over 1.5,Over 1.5,Marathonbet,totals,Over,2.59,2.59,1.42,1.47,1.47,0.7046,0.607,0.6798,67.98,0.704621400032315,0.6899752309986362,0.6696,0.1199,0.7606,76.06,0.4784,0.05,0.4784,20.0,20.0,1.19,1.21,,NO_DATA,,,False,API_FOOTBALL_FIXTURES+API_FOOTBALL_ODDS+API_FOOTBALL_TEAM_RESULTS,0.0,STABLE,NO_SIGNAL,0,PENDING_CLV,ACCEPTED,ACCEPTED,0.6361,-36.39,TOP,MEDIUM,MEDIUM,0,NEUTRAL,NO_SHARP_SIGNAL,0.6797826616990453,2.4,80.0,0.0,LOW,67.98,67.76,0.3,0.2,0.2,0.15,0.15,23.0,54.38,True,VALUE PICK,NS,low,PREMATCH LOW
d7029072d56adade935aa8a7,1554980,,Prostějov,Floridsdorfer AC,Prostějov,Floridsdorfer AC,2026-07-17T09:00:00+00:00,,None-None,2026-07-17 03:50,Friendlies Clubs / World,Friendlies Clubs,World,Prostějov vs Floridsdorfer AC,Prostějov vs Floridsdorfer AC,OVER_1.5,Over 1.5,Over 1.5,Marathonbet,totals,Over,2.26,2.26,1.24,1.29,1.29,0.8076,0.6971,0.7777,77.77,0.807623669392123,0.7910377597339747,0.768,0.1157,0.7576,75.76,0.6013,0.05,0.6013,20.0,20.0,1.54,1.43,,NO_DATA,,,False,API_FOOTBALL_FIXTURES+API_FOOTBALL_ODDS+API_FOOTBALL_TEAM_RESULTS,0.0,STABLE,NO_SIGNAL,0,PENDING_CLV,ACCEPTED,ACCEPTED,0.6348,-36.52,TOP,LOW,LOW,0,NEUTRAL,NO_SHARP_SIGNAL,0.7777064318137823,2.97,97.0,0.0,LOW,80.05,77.65,0.3,0.2,0.2,0.15,0.15,27.6,60.11,True,VALUE PICK,NS,low,PREMATCH LOW
5b89c05db7bfe844d40c3517,1527235,,Perth,Western Knights,Perth,Western Knights,2026-07-17T11:00:00+00:00,,None-None,2026-07-17 03:51,Western Australia NPL / Australia,Western Australia NPL,Australia,Perth vs Western Knights,Perth vs Western Knights,OVER_1.5,Over 1.5,Over 1.5,Pinnacle,totals,Over,2.03,2.03,1.11,1.16,1.16,0.9005,0.762,0.8626,86.26,0.9004927356321415,0.8797212871864997,0.8509,0.1321,0.7512,75.12,0.7293,0.05,0.7293,20.0,20.0,2.2,1.6,,NO_DATA,,,False,API_FOOTBALL_FIXTURES+API_FOOTBALL_ODDS+API_FOOTBALL_TEAM_RESULTS,0.0,STABLE,NO_SIGNAL,0,PENDING_CLV,ACCEPTED,ACCEPTED,0.6465,-35.35,TOP,LOW,LOW,0,NEUTRAL,NO_SHARP_SIGNAL,0.8626449010305497,3.8,97.0,0.0,LOW,91.86,86.14,0.3,0.2,0.2,0.15,0.15,27.6,65.56,True,BEST PICK,NS,low,PREMATCH LOW
7ff22ebeb0605d39bb488e68,1527102,,Campbelltown City,Adelaide Comets,Campbelltown City,Adelaide Comets,2026-07-17T09:30:00+00:00,,None-None,2026-07-17 03:50,South Australia NPL / Australia,South Australia NPL,Australia,Campbelltown City vs Adelaide Comets,Campbelltown City vs Adelaide Comets,OVER_1.5,Over 1.5,Over 1.5,Pinnacle,totals,Over,2.22,2.22,1.23,1.28,1.28,0.812,0.7028,0.7823,78.23,0.8120037839892621,0.7956249031378607,0.7729,0.1131,0.7366,73.66,0.6038,0.05,0.6038,20.0,20.0,1.4,1.6,,NO_DATA,,,False,API_FOOTBALL_FIXTURES+API_FOOTBALL_ODDS+API_FOOTBALL_TEAM_RESULTS,0.0,STABLE,NO_SIGNAL,0,PENDING_CLV,ACCEPTED,ACCEPTED,0.6409,-35.91,TOP,LOW,LOW,0,NEUTRAL,NO_SHARP_SIGNAL,0.7822674321965024,3.0,97.0,0.0,LOW,80.63,78.12,0.3,0.2,0.2,0.15,0.15,27.6,59.92,True,VALUE PICK,NS,low,PREMATCH LOW
3fefe13ad38ffe837a0c8686,1517904,,Prospect United,Macarthur Rams,Prospect United,Macarthur Rams,2026-07-17T10:00:00+00:00,,None-None,2026-07-17 03:51,New South Wales NPL 2 / Australia,New South Wales NPL 2,Australia,Prospect United vs Macarthur Rams,Prospect United vs Macarthur Rams,OVER_1.5,Over 1.5,Over 1.5,Marathonbet,totals,Over,2.5,2.5,1.4,1.45,1.45,0.715,0.6082,0.688,68.8,0.7149721984923225,0.6989489392513895,0.6767,0.1314,0.7201,72.01,0.4801,0.05,0.4801,20.0,20.0,1.05,1.4,,NO_DATA,,,False,API_FOOTBALL_FIXTURES+API_FOOTBALL_ODDS+API_FOOTBALL_TEAM_RESULTS,0.0,STABLE,NO_SIGNAL,0,PENDING_CLV,ACCEPTED,ACCEPTED,0.6577,-34.23,TOP,MEDIUM,MEDIUM,0,NEUTRAL,NO_SHARP_SIGNAL,0.6880442574759725,2.45,81.67,0.0,LOW,69.0,68.55,0.3,0.2,0.2,0.15,0.15,23.0,54.23,True,VALUE PICK,NS,low,PREMATCH LOW
df5228ea8e2b7c1191334579,1541366,,Eastern Lions,Bayside Argonauts,Eastern Lions,Bayside Argonauts,2026-07-17T09:45:00+00:00,,None-None,2026-07-17 03:50,Victoria Premier League 2 / Australia,Victoria Premier League 2,Australia,Eastern Lions vs Bayside Argonauts,Eastern Lions vs Bayside Argonauts,OVER_1.5,Over 1.5,Over 1.5,William Hill,totals,Over,2.15,2.15,1.24,1.29,1.29,0.8046,0.7034,0.7766,77.66,0.8045632989098146,0.7893960454526526,0.7683,0.104,0.6697,66.97,0.5824,0.05,0.5824,20.0,20.0,1.35,1.6,,NO_DATA,,,False,API_FOOTBALL_FIXTURES+API_FOOTBALL_ODDS+API_FOOTBALL_TEAM_RESULTS,0.0,STABLE,NO_SIGNAL,0,PENDING_CLV,ACCEPTED,ACCEPTED,0.6612,-33.88,TOP,LOW,LOW,0,NEUTRAL,NO_SHARP_SIGNAL,0.7766172318168568,2.95,97.0,0.0,LOW,79.86,77.6,0.3,0.2,0.2,0.15,0.15,27.6,58.1,True,VALUE PICK,NS,low,PREMATCH LOW
b92741f7123668852e0e8f24,1584864,,Jong AZ,Jong Ajax,Jong AZ,Jong Ajax,2026-07-17T10:00:00+00:00,,None-None,2026-07-17 03:51,Friendlies Clubs / World,Friendlies Clubs,World,Jong AZ vs Jong Ajax,Jong AZ vs Jong Ajax,OVER_1.5,Over 1.5,Over 1.5,Marathonbet,totals,Over,1.86,1.86,1.09,1.13,1.13,0.921,0.7947,0.8851,88.51,0.9209808127229037,0.9020389888277132,0.8757,0.1138,0.6463,64.63,0.7515,0.05,0.7515,20.0,20.0,2.35,1.73,,NO_DATA,,,False,API_FOOTBALL_FIXTURES+API_FOOTBALL_ODDS+API_FOOTBALL_TEAM_RESULTS,0.0,STABLE,NO_SIGNAL,0,PENDING_CLV,ACCEPTED,ACCEPTED,0.6765,-32.35,TOP,LOW,LOW,0,NEUTRAL,NO_SHARP_SIGNAL,0.8851072921793992,4.08,97.0,0.0,LOW,95.23,88.5,0.3,0.2,0.2,0.15,0.15,27.6,64.66,True,VALUE PICK,NS,low,PREMATCH LOW
cdba5cd27cbf7d161752b173,1560627,,SKN ST. Polten,Slovan Liberec,SKN ST. Polten,Slovan Liberec,2026-07-17T13:00:00+00:00,,None-None,2026-07-17 03:52,Friendlies Clubs / World,Friendlies Clubs,World,SKN ST. Polten vs Slovan Liberec,SKN ST. Polten vs Slovan Liberec,DOUBLE_1X,1X,1X,Betano,double_chance,Home/Draw,1.87,1.87,1.46,1.54,1.54,0.6841,0.5348,0.6493,64.93,0.6841428782476706,0.6617353502538355,0.6306,0.2141,0.2141,21.41,0.2461,0.05,0.2461,20.0,20.0,1.88,1.57,,NO_DATA,,,False,API_FOOTBALL_FIXTURES+API_FOOTBALL_ODDS+API_FOOTBALL_TEAM_RESULTS,0.0,STABLE,NO_SIGNAL,0,PENDING_CLV,ACCEPTED,ACCEPTED,1.0,0.0,TOP,HIGH,HIGH,0,NEUTRAL,NO_SHARP_SIGNAL,0.6492747451776848,3.45,97.0,0.0,LOW,69.13,64.38,0.3,0.2,0.2,0.15,0.15,23.0,43.99,False,STANDARD,NS,low,PREMATCH LOW
b53f8d7dc4ad1ed41031af5c,1523204,,Henan Jianye,Qingdao Jonoon,Henan Jianye,Qingdao Jonoon,2026-07-17T11:35:00+00:00,,None-None,2026-07-17 03:51,Super League / China,Super League,China,Henan Jianye vs Qingdao Jonoon,Henan Jianye vs Qingdao Jonoon,BTTS_YES,BTTS Yes,BTTS Yes,Bet365,btts,Yes,1.91,1.91,1.5,1.58,1.58,0.6683,0.5052,0.631,63.1,0.6683458161127811,0.6438711457684029,0.6099,0.2491,0.2053,20.53,0.2256,0.05,0.2256,20.0,20.0,1.62,1.72,,NO_DATA,,,False,API_FOOTBALL_FIXTURES+API_FOOTBALL_ODDS+API_FOOTBALL_TEAM_RESULTS,0.0,STABLE,NO_SIGNAL,0,PENDING_CLV,ACCEPTED,ACCEPTED,1.0364,3.64,TOP,HIGH,HIGH,0,NEUTRAL,NO_SHARP_SIGNAL,0.631039802037882,3.34,97.0,0.0,LOW,66.86,62.45,0.3,0.2,0.2,0.15,0.15,23.0,43.24,False,STANDARD,NS,low,PREMATCH LOW
e74bf3042d6272ef6d47d1c6,1519406,,Orense SC,Emelec,Orense SC,Emelec,2026-07-17T00:00:00+00:00,90,0-1,2026-07-17 03:50,Liga Pro / Ecuador,Liga Pro,Ecuador,Orense SC vs Emelec,Orense SC vs Emelec,DOUBLE_X2,X2,X2,Betano,double_chance,Draw/Away,1.7,1.7,1.36,1.43,1.43,0.7378,0.5882,0.7016,70.16,0.7377799066462016,0.7153482147669185,0.6842,0.1927,0.1927,19.27,0.2753,0.05,0.2753,20.0,20.0,0.75,0.95,,NO_DATA,,,False,API_FOOTBALL_FIXTURES+API_FOOTBALL_ODDS+API_FOOTBALL_TEAM_RESULTS,0.0,STABLE,NO_SIGNAL,0,PENDING_CLV,ACCEPTED,ACCEPTED,1.0,0.0,TOP,MEDIUM,MEDIUM,0,NEUTRAL,NO_SHARP_SIGNAL,0.7015937503368429,1.7,56.67,0.0,LOW,67.36,69.7,0.3,0.2,0.2,0.15,0.15,23.0,44.73,False,STANDARD,2H,low,PREMATCH LOW
7aee6cc4176943cfdf07d233,1519406,,Orense SC,Emelec,Orense SC,Emelec,2026-07-17T00:00:00+00:00,90,0-1,2026-07-17 03:50,Liga Pro / Ecuador,Liga Pro,Ecuador,Orense SC vs Emelec,Orense SC vs Emelec,BTTS_NO,BTTS No,BTTS No,Betfair,btts,No,1.87,1.87,1.51,1.59,1.59,0.6634,0.5168,0.6296,62.96,0.6634078523441647,0.6414160543375013,0.6109,0.2183,0.1773,17.73,0.2038,0.05,0.2038,20.0,20.0,0.75,0.95,,NO_DATA,,,False,API_FOOTBALL_FIXTURES+API_FOOTBALL_ODDS+API_FOOTBALL_TEAM_RESULTS,0.0,STABLE,NO_SIGNAL,0,PENDING_CLV,ACCEPTED,ACCEPTED,1.0348,3.48,TOP,HIGH,HIGH,0,NEUTRAL,NO_SHARP_SIGNAL,0.6295912380362508,1.7,56.67,0.0,LOW,60.16,62.39,0.3,0.2,0.2,0.15,0.15,23.0,40.83,False,STANDARD,2H,low,PREMATCH LOW
3af1c2922f0499b78b7b1469,1548859,,Bayreuth,FC Carl Zeiss Jena,Bayreuth,FC Carl Zeiss Jena,2026-07-17T16:00:00+00:00,,None-None,2026-07-17 03:52,Friendlies Clubs / World,Friendlies Clubs,World,Bayreuth vs FC Carl Zeiss Jena,Bayreuth vs FC Carl Zeiss Jena,DOUBLE_1X,1X,1X,Betfair,double_chance,Home/Draw,1.57,1.57,1.27,1.33,1.33,0.7865,0.6369,0.7491,74.91,0.7864738302422777,0.7640441569798213,0.7329,0.1761,0.1761,17.61,0.309,0.05,0.309,20.0,20.0,2.5,1.5,,NO_DATA,,,False,API_FOOTBALL_FIXTURES+API_FOOTBALL_ODDS+API_FOOTBALL_TEAM_RESULTS,0.0,STABLE,NO_SIGNAL,0,PENDING_CLV,ACCEPTED,ACCEPTED,1.0,0.0,TOP,MEDIUM,MEDIUM,0,NEUTRAL,NO_SHARP_SIGNAL,0.7491209098858749,4.0,97.0,0.0,LOW,81.31,74.54,0.3,0.2,0.2,0.15,0.15,23.0,48.61,False,STANDARD,NS,low,PREMATCH LOW
a99788eae895aa70f6852b0e,1583333,,Leganes,Albacete,Leganes,Albacete,2026-07-17T08:30:00+00:00,,None-None,2026-07-17 03:50,Friendlies Clubs / World,Friendlies Clubs,World,Leganes vs Albacete,Leganes vs Albacete,DOUBLE_X2,X2,X2,10Bet,double_chance,Draw/Away,1.6,1.6,1.32,1.38,1.38,0.7582,0.625,0.7249,72.49,0.7582089060277373,0.7382275701235766,0.7105,0.1598,0.1598,15.98,0.2663,0.05,0.2663,20.0,20.0,1.05,1.57,,NO_DATA,,,False,API_FOOTBALL_FIXTURES+API_FOOTBALL_ODDS+API_FOOTBALL_TEAM_RESULTS,0.0,STABLE,NO_SIGNAL,0,PENDING_CLV,ACCEPTED,ACCEPTED,1.0,0.0,TOP,MEDIUM,MEDIUM,0,NEUTRAL,NO_SHARP_SIGNAL,0.7248692990865037,2.62,87.33,0.0,LOW,73.37,72.16,0.3,0.2,0.2,0.15,0.15,23.0,45.61,False,STANDARD,NS,low,PREMATCH LOW
fbc855e00b207e47dbc05187,1517597,,Sydney FC U23,Manly United,Sydney FC U23,Manly United,2026-07-17T09:30:00+00:00,,None-None,2026-07-17 03:50,New South Wales NPL / Australia,New South Wales NPL,Australia,Sydney FC U23 vs Manly United,Sydney FC U23 vs Manly United,DOUBLE_X2,X2,X2,Bet365,double_chance,Draw/Away,1.57,1.57,1.33,1.38,1.38,0.7521,0.6369,0.7226,72.26,0.752129625068855,0.734851582582412,0.7109,0.1345,0.1345,13.45,0.2359,0.05,0.2359,20.0,20.0,1.0,1.45,,NO_DATA,,,False,API_FOOTBALL_FIXTURES+API_FOOTBALL_ODDS+API_FOOTBALL_TEAM_RESULTS,0.0,STABLE,NO_SIGNAL,0,PENDING_CLV,ACCEPTED,ACCEPTED,1.0,0.0,TOP,MEDIUM,MEDIUM,0,NEUTRAL,NO_SHARP_SIGNAL,0.7225961078076883,2.45,81.67,0.0,LOW,72.46,72.02,0.3,0.2,0.2,0.15,0.15,23.0,44.47,False,STANDARD,NS,low,PREMATCH LOW
96e74f64914a859f6e342915,1547982,,Lincoln,Leyton Orient,Lincoln,Leyton Orient,2026-07-17T15:00:00+00:00,,None-None,2026-07-17 03:52,Friendlies Clubs / World,Friendlies Clubs,World,Lincoln vs Leyton Orient,Lincoln vs Leyton Orient,BTTS_YES,BTTS Yes,BTTS Yes,Betfair,btts,Yes,1.85,1.85,1.57,1.64,1.64,0.6386,0.508,0.6087,60.87,0.6386049453721615,0.6190110120769755,0.5918,0.1982,0.126,12.6,0.1483,0.0371,0.1483,20.0,20.0,1.3,2.0,,NO_DATA,,,False,API_FOOTBALL_FIXTURES+API_FOOTBALL_ODDS+API_FOOTBALL_TEAM_RESULTS,0.0,STABLE,NO_SIGNAL,0,PENDING_CLV,ACCEPTED,ACCEPTED,1.0641,6.41,TOP,HIGH,HIGH,0,NEUTRAL,NO_SHARP_SIGNAL,0.6086577084538829,3.3,97.0,0.0,LOW,64.47,60.35,0.3,0.2,0.2,0.15,0.15,23.0,39.64,False,STANDARD,NS,low,PREMATCH LOW
3aa21a0d4299772ef2d4da98,1523203,,Beijing Guoan,Shenyang Urban,Beijing Guoan,Shenyang Urban,2026-07-17T11:35:00+00:00,,None-None,2026-07-17 03:51,Super League / China,Super League,China,Beijing Guoan vs Shenyang Urban,Beijing Guoan vs Shenyang Urban,BTTS_YES,BTTS Yes,BTTS Yes,Bet365,btts,Yes,1.62,1.62,1.41,1.46,1.46,0.7113,0.597,0.683,68.3,0.7113395229972309,0.6941908333536164,0.6704,0.144,0.1064,10.64,0.1716,0.0429,0.1716,20.0,20.0,2.11,1.61,,NO_DATA,,,False,API_FOOTBALL_FIXTURES+API_FOOTBALL_ODDS+API_FOOTBALL_TEAM_RESULTS,0.0,STABLE,NO_SIGNAL,0,PENDING_CLV,ACCEPTED,ACCEPTED,1.034,3.4,TOP,MEDIUM,MEDIUM,0,NEUTRAL,NO_SHARP_SIGNAL,0.6829735833475314,3.72,97.0,0.0,LOW,73.58,68.0,0.3,0.2,0.2,0.15,0.15,23.0,42.88,False,STANDARD,NS,low,PREMATCH LOW
93e5ddd97e980b1a24529eab,1554980,,Prostějov,Floridsdorfer AC,Prostějov,Floridsdorfer AC,2026-07-17T09:00:00+00:00,,None-None,2026-07-17 03:50,Friendlies Clubs / World,Friendlies Clubs,World,Prostějov vs Floridsdorfer AC,Prostějov vs Floridsdorfer AC,DOUBLE_1X,1X,1X,Betfair,double_chance,Home/Draw,1.73,1.73,1.52,1.57,1.57,0.6576,0.578,0.6376,63.76,0.6575838228961827,0.645651451773894,0.6291,0.103,0.103,10.3,0.1412,0.0353,0.1412,20.0,20.0,1.54,1.43,,NO_DATA,,,False,API_FOOTBALL_FIXTURES+API_FOOTBALL_ODDS+API_FOOTBALL_TEAM_RESULTS,0.0,STABLE,NO_SIGNAL,0,PENDING_CLV,ACCEPTED,ACCEPTED,1.0,0.0,TOP,HIGH,HIGH,0,NEUTRAL,NO_SHARP_SIGNAL,0.6375960162417258,2.97,97.0,0.0,LOW,66.04,63.57,0.3,0.2,0.2,0.15,0.15,23.0,39.11,False,STANDARD,NS,low,PREMATCH LOW
d8aab8108990169313d70d11,1528651,,Changchun Yatai,Wuxi Wugou,Changchun Yatai,Wuxi Wugou,2026-07-17T11:00:00+00:00,,None-None,2026-07-17 03:51,League One / China,League One,China,Changchun Yatai vs Wuxi Wugou,Changchun Yatai vs Wuxi Wugou,BTTS_YES,BTTS Yes,BTTS Yes,Bet365,btts,Yes,1.73,1.73,1.52,1.58,1.58,0.6596,0.5541,0.6343,63.43,0.6596103045501832,0.6437873155686867,0.6218,0.1447,0.0973,9.73,0.1333,0.0333,0.1333,20.0,20.0,1.61,1.67,,NO_DATA,,,False,API_FOOTBALL_FIXTURES+API_FOOTBALL_ODDS+API_FOOTBALL_TEAM_RESULTS,0.0,STABLE,NO_SIGNAL,0,PENDING_CLV,ACCEPTED,ACCEPTED,1.0432,4.32,TOP,HIGH,HIGH,0,NEUTRAL,NO_SHARP_SIGNAL,0.6342811208980806,3.28,97.0,0.0,LOW,66.95,63.09,0.3,0.2,0.2,0.15,0.15,23.0,39.67,False,STANDARD,NS,low,PREMATCH LOW
9e3555a42964079d8b26aec3,1521980,,Green Gully,Dandenong Thunder,Green Gully,Dandenong Thunder,2026-07-17T09:30:00+00:00,,None-None,2026-07-17 03:50,Victoria NPL / Australia,Victoria NPL,Australia,Green Gully vs Dandenong Thunder,Green Gully vs Dandenong Thunder,BTTS_YES,BTTS Yes,BTTS Yes,Bet365,btts,Yes,1.73,1.73,1.52,1.58,1.58,0.6558,0.5598,0.6325,63.25,0.6557906479047938,0.6413915163679297,0.6214,0.1298,0.0942,9.42,0.129,0.0323,0.129,20.0,20.0,1.95,1.4,,NO_DATA,,,False,API_FOOTBALL_FIXTURES+API_FOOTBALL_ODDS+API_FOOTBALL_TEAM_RESULTS,0.0,STABLE,NO_SIGNAL,0,PENDING_CLV,ACCEPTED,ACCEPTED,1.0326,3.26,TOP,HIGH,HIGH,0,NEUTRAL,NO_SHARP_SIGNAL,0.6324840614575508,3.35,97.0,0.0,LOW,67.05,62.96,0.3,0.2,0.2,0.15,0.15,23.0,39.35,False,STANDARD,NS,low,PREMATCH LOW
f15a2f4a4dd9da697f147b32,1584864,,Jong AZ,Jong Ajax,Jong AZ,Jong Ajax,2026-07-17T10:00:00+00:00,,None-None,2026-07-17 03:51,Friendlies Clubs / World,Friendlies Clubs,World,Jong AZ vs Jong Ajax,Jong AZ vs Jong Ajax,OVER_0.5,Over 0.5,Over 0.5,1xBet,totals,Over,1.16,1.16,1.02,1.07,1.07,0.9762,0.8402,0.9371,93.71,0.9762179037189657,0.9558182760123605,0.9275,0.1153,0.087,8.7,0.5437,0.05,0.5437,20.0,20.0,2.35,1.73,,NO_DATA,,,False,API_FOOTBALL_FIXTURES+API_FOOTBALL_ODDS+API_FOOTBALL_TEAM_RESULTS,0.0,STABLE,NO_SIGNAL,0,PENDING_CLV,ACCEPTED,ACCEPTED,1.026,2.6,TOP,MEDIUM,MEDIUM,0,NEUTRAL,NO_SHARP_SIGNAL,0.9370627932086524,4.08,97.0,0.0,LOW,99.0,93.73,0.3,0.2,0.2,0.15,0.15,27.6,56.07,True,VALUE PICK,NS,low,PREMATCH LOW
860fbbe638c302f8b5268292,1548859,,Bayreuth,FC Carl Zeiss Jena,Bayreuth,FC Carl Zeiss Jena,2026-07-17T16:00:00+00:00,,None-None,2026-07-17 03:52,Friendlies Clubs / World,Friendlies Clubs,World,Bayreuth vs FC Carl Zeiss Jena,Bayreuth vs FC Carl Zeiss Jena,BTTS_YES,BTTS Yes,BTTS Yes,Superbet,btts,Yes,1.58,1.58,1.39,1.45,1.45,0.72,0.5885,0.6879,68.79,0.719965228634414,0.7002516943392519,0.6729,0.1688,0.0869,8.69,0.1498,0.0375,0.1498,20.0,20.0,2.5,1.5,,NO_DATA,,,False,API_FOOTBALL_FIXTURES+API_FOOTBALL_ODDS+API_FOOTBALL_TEAM_RESULTS,0.0,STABLE,NO_SIGNAL,0,PENDING_CLV,ACCEPTED,ACCEPTED,1.0754,7.54,TOP,MEDIUM,MEDIUM,0,NEUTRAL,NO_SHARP_SIGNAL,0.6879061860374763,4.0,97.0,0.0,LOW,75.19,68.41,0.3,0.2,0.2,0.15,0.15,23.0,43.35,False,STANDARD,NS,low,PREMATCH LOW
0c375237609439e226b742b6,1554985,,Zbrojovka Brno,Podbrezová,Zbrojovka Brno,Podbrezová,2026-07-17T15:00:00+00:00,,None-None,2026-07-17 03:52,Friendlies Clubs / World,Friendlies Clubs,World,Zbrojovka Brno vs Podbrezová,Zbrojovka Brno vs Podbrezová,BTTS_YES,BTTS Yes,BTTS Yes,Betano,btts,Yes,1.7,1.7,1.51,1.57,1.57,0.6637,0.5526,0.6371,63.71,0.6636622249208572,0.6470076280248339,0.6239,0.1529,0.0831,8.31,0.1187,0.0297,0.1187,20.0,20.0,1.91,1.46,,NO_DATA,,,False,API_FOOTBALL_FIXTURES+API_FOOTBALL_ODDS+API_FOOTBALL_TEAM_RESULTS,0.0,STABLE,NO_SIGNAL,0,PENDING_CLV,ACCEPTED,ACCEPTED,1.0644,6.44,TOP,HIGH,HIGH,0,NEUTRAL,NO_SHARP_SIGNAL,0.6371053396173837,3.37,97.0,0.0,LOW,67.59,63.35,0.3,0.2,0.2,0.15,0.15,23.0,39.74,False,STANDARD,NS,low,PREMATCH LOW
d9204dab4c2ce706388a9dd2,1550571,,Aalborg,Silkeborg,Aalborg,Silkeborg,2026-07-17T11:00:00+00:00,,None-None,2026-07-17 03:51,Friendlies Clubs / World,Friendlies Clubs,World,Aalborg vs Silkeborg,Aalborg vs Silkeborg,BTTS_YES,BTTS Yes,BTTS Yes,William Hill,btts,Yes,1.44,1.44,1.29,1.34,1.34,0.7763,0.6667,0.7473,74.73,0.7763468351511484,0.7598948098784761,0.737,0.121,0.0761,7.61,0.1731,0.0433,0.1731,20.0,20.0,1.79,2.59,,NO_DATA,,,False,API_FOOTBALL_FIXTURES+API_FOOTBALL_ODDS+API_FOOTBALL_TEAM_RESULTS,0.0,STABLE,NO_SIGNAL,0,PENDING_CLV,ACCEPTED,ACCEPTED,1.0417,4.17,TOP,MEDIUM,MEDIUM,0,NEUTRAL,NO_SHARP_SIGNAL,0.7473263669149333,4.38,97.0,0.0,LOW,82.65,74.57,0.3,0.2,0.2,0.15,0.15,20.0,46.01,False,STANDARD,NS,low,PREMATCH LOW
8086760cf7c0d2af2b1c50b2,1547975,,Feyenoord,Charleroi,Feyenoord,Charleroi,2026-07-17T11:30:00+00:00,,None-None,2026-07-17 03:51,Friendlies Clubs / World,Friendlies Clubs,World,Feyenoord vs Charleroi,Feyenoord vs Charleroi,BTTS_YES,BTTS Yes,BTTS Yes,Betano,btts,Yes,1.53,1.53,1.37,1.43,1.43,0.7279,0.625,0.7014,70.14,0.7278860707796402,0.7124531601626941,0.691,0.1223,0.0732,7.32,0.1381,0.0345,0.1381,20.0,20.0,1.75,2.05,,NO_DATA,,,False,API_FOOTBALL_FIXTURES+API_FOOTBALL_ODDS+API_FOOTBALL_TEAM_RESULTS,0.0,STABLE,NO_SIGNAL,0,PENDING_CLV,ACCEPTED,ACCEPTED,1.0458,4.58,TOP,MEDIUM,MEDIUM,0,NEUTRAL,NO_SHARP_SIGNAL,0.7014272121138858,3.8,97.0,0.0,LOW,75.74,69.94,0.3,0.2,0.2,0.15,0.15,20.0,42.98,False,STANDARD,NS,low,PREMATCH LOW
d8a178fdf12a62d6362fc116,1523204,,Henan Jianye,Qingdao Jonoon,Henan Jianye,Qingdao Jonoon,2026-07-17T11:35:00+00:00,,None-None,2026-07-17 03:51,Super League / China,Super League,China,Henan Jianye vs Qingdao Jonoon,Henan Jianye vs Qingdao Jonoon,OVER_1.5,Over 1.5,Over 1.5,Betano,totals,Over,2.3,2.3,1.17,1.21,1.21,0.8561,0.7626,0.8285,82.85,0.8560772981632615,0.8420619882684937,0.8226,0.0863,0.9055,90.55,0.6965,0.05,0.6965,20.0,20.0,1.62,1.72,,NO_DATA,,,False,API_FOOTBALL_FIXTURES+API_FOOTBALL_ODDS+API_FOOTBALL_TEAM_RESULTS,0.0,STABLE,NO_SIGNAL,0,PENDING_CLV,ACCEPTED,ACCEPTED,0.5701,-42.99,LOW,LOW,LOW,0,NEUTRAL,NO_SHARP_SIGNAL,0.8284833917879455,3.34,97.0,0.0,LOW,86.61,82.91,0.3,0.2,0.2,0.15,0.15,27.6,65.73,True,BEST PICK,NS,low,PREMATCH LOW
6d3a3337552df2281dd0023b,1528653,,Dongguan United,Nantong Zhiyun,Dongguan United,Nantong Zhiyun,2026-07-17T11:30:00+00:00,,None-None,2026-07-17 03:51,League One / China,League One,China,Dongguan United vs Nantong Zhiyun,Dongguan United vs Nantong Zhiyun,UNDER_4.5,Under 4.5,Under 4.5,1xBet,totals,Under,2.18,2.18,1.11,1.15,1.15,0.9003,0.805,0.8713,87.13,0.9003320183617407,0.8860335572890538,0.8662,0.0823,0.8994,89.94,0.7622,0.05,0.7622,20.0,20.0,0.99,1.44,,NO_DATA,,,False,API_FOOTBALL_FIXTURES+API_FOOTBALL_ODDS+API_FOOTBALL_TEAM_RESULTS,0.0,STABLE,NO_SIGNAL,0,PENDING_CLV,ACCEPTED,ACCEPTED,0.5698,-43.02,LOW,LOW,LOW,0,NEUTRAL,NO_SHARP_SIGNAL,0.8712934901023375,2.43,81.0,0.0,LOW,87.25,87.26,0.3,0.2,0.2,0.15,0.15,27.6,67.18,True,BEST PICK,NS,low,PREMATCH LOW
585c547e36066c82e0343fe9,1527103,,West Torrens Birkalla,Para Hills Knights,West Torrens Birkalla,Para Hills Knights,2026-07-17T10:30:00+00:00,,None-None,2026-07-17 03:51,South Australia NPL / Australia,South Australia NPL,Australia,West Torrens Birkalla vs Para Hills Knights,West Torrens Birkalla vs Para Hills Knights,OVER_2.5,Over 2.5,Over 2.5,Betfair,totals,Over,2.5,2.5,1.29,1.32,1.32,0.7761,0.7059,0.7551,75.51,0.7760881232509691,0.7655572577045001,0.7509,0.0698,0.8878,88.78,0.5919,0.05,0.5919,20.0,20.0,3.15,0.95,,NO_DATA,,,False,API_FOOTBALL_FIXTURES+API_FOOTBALL_ODDS+API_FOOTBALL_TEAM_RESULTS,0.0,STABLE,NO_SIGNAL,0,PENDING_CLV,ACCEPTED,ACCEPTED,0.5667,-43.33,LOW,LOW,LOW,0,NEUTRAL,NO_SHARP_SIGNAL,0.75513008039315,4.1,97.0,0.0,LOW,82.31,75.58,0.3,0.2,0.2,0.15,0.15,27.6,61.7,True,VALUE PICK,NS,low,PREMATCH LOW
8c7140f3e22867035c1f3280,1547981,,FC Nordsjaelland,Sparta Praha,FC Nordsjaelland,Sparta Praha,2026-07-17T10:00:00+00:00,,None-None,2026-07-17 03:51,Friendlies Clubs / World,Friendlies Clubs,World,FC Nordsjaelland vs Sparta Praha,FC Nordsjaelland vs Sparta Praha,OVER_1.5,Over 1.5,Over 1.5,Betano,totals,Over,2.18,2.18,1.21,1.24,1.24,0.8289,0.7488,0.8047,80.47,0.8289458689048248,0.8169311775091933,0.8002,0.0746,0.7543,75.43,0.6392,0.05,0.6392,20.0,20.0,1.04,2.09,,NO_DATA,,,False,API_FOOTBALL_FIXTURES+API_FOOTBALL_ODDS+API_FOOTBALL_TEAM_RESULTS,0.0,STABLE,NO_SIGNAL,0,PENDING_CLV,ACCEPTED,ACCEPTED,0.6126,-38.74,LOW,LOW,LOW,0,NEUTRAL,NO_SHARP_SIGNAL,0.8047118242564353,3.13,97.0,0.0,LOW,83.39,80.57,0.3,0.2,0.2,0.15,0.15,27.6,61.06,True,VALUE PICK,NS,low,PREMATCH LOW
16c242b04bbbcc3096501c1b,1519406,,Orense SC,Emelec,Orense SC,Emelec,2026-07-17T00:00:00+00:00,90,0-1,2026-07-17 03:50,Liga Pro / Ecuador,Liga Pro,Ecuador,Orense SC vs Emelec,Orense SC vs Emelec,OVER_1.5,Over 1.5,Over 1.5,Pinnacle,totals,Over,3.35,3.35,1.92,1.96,1.96,0.5198,0.4806,0.5113,51.13,0.5197706830179987,0.5138981038211128,0.5057,0.0638,0.7128,71.28,0.3033,0.05,0.3033,20.0,20.0,0.75,0.95,,NO_DATA,,,False,API_FOOTBALL_FIXTURES+API_FOOTBALL_ODDS+API_FOOTBALL_TEAM_RESULTS,0.0,STABLE,NO_SIGNAL,0,PENDING_CLV,ACCEPTED,ACCEPTED,0.6211,-37.89,LOW,HIGH,HIGH,0,NEUTRAL,NO_SHARP_SIGNAL,0.511288672674779,1.7,56.67,0.0,LOW,48.33,50.94,0.3,0.2,0.2,0.15,0.15,23.0,42.76,False,STANDARD,2H,low,PREMATCH LOW
38f3da2b857f6aba54a3b741,1490327,,St. Louis City,Sporting Kansas City,St. Louis City,Sporting Kansas City,2026-07-17T00:30:00+00:00,45,2-1,2026-07-17 03:50,Major League Soccer / USA,Major League Soccer,USA,St. Louis City vs Sporting Kansas City,St. Louis City vs Sporting Kansas City,OVER_1.5,Over 1.5,Over 1.5,Betano,totals,Over,2.07,2.07,1.18,1.22,1.22,0.8447,0.7718,0.8216,82.16,0.8447464444720436,0.8338007402047651,0.8186,0.0645,0.7007,70.07,0.6549,0.05,0.6549,20.0,20.0,2.05,1.2,,NO_DATA,,,False,API_FOOTBALL_FIXTURES+API_FOOTBALL_ODDS+API_FOOTBALL_TEAM_RESULTS,0.0,STABLE,NO_SIGNAL,0,PENDING_CLV,ACCEPTED,ACCEPTED,0.6259,-37.41,LOW,LOW,LOW,0,NEUTRAL,NO_SHARP_SIGNAL,0.8215905181433355,3.25,97.0,0.0,LOW,85.56,82.32,0.3,0.2,0.2,0.15,0.15,27.6,60.87,True,VALUE PICK,HT,low,PREMATCH LOW
eb093db44d800ebdb49ae293,1522148,,Melbourne Knights,Brunswick City,Melbourne Knights,Brunswick City,2026-07-17T10:30:00+00:00,,None-None,2026-07-17 03:51,Victoria NPL 2 / Australia,Victoria NPL 2,Australia,Melbourne Knights vs Brunswick City,Melbourne Knights vs Brunswick City,OVER_1.5,Over 1.5,Over 1.5,Pinnacle,totals,Over,2.04,2.04,1.21,1.25,1.25,0.8254,0.7364,0.7994,79.94,0.8253993979535593,0.8120546045395951,0.7935,0.0856,0.6309,63.09,0.6066,0.05,0.6066,20.0,20.0,1.95,1.15,,NO_DATA,,,False,API_FOOTBALL_FIXTURES+API_FOOTBALL_ODDS+API_FOOTBALL_TEAM_RESULTS,0.0,STABLE,NO_SIGNAL,0,PENDING_CLV,ACCEPTED,ACCEPTED,0.6656,-33.44,LOW,LOW,LOW,0,NEUTRAL,NO_SHARP_SIGNAL,0.7994382231777165,3.1,97.0,0.0,LOW,82.74,79.98,0.3,0.2,0.2,0.15,0.15,27.6,58.43,True,VALUE PICK,NS,low,PREMATCH LOW
9e375d054199cbac430b355b,1526575,,Santo Domingo,Deportivo Cuenca Juniors,Santo Domingo,Deportivo Cuenca Juniors,2026-07-17T00:00:00+00:00,90,0-1,2026-07-17 03:50,Liga Pro Serie B / Ecuador,Liga Pro Serie B,Ecuador,Santo Domingo vs Deportivo Cuenca Juniors,Santo Domingo vs Deportivo Cuenca Juniors,OVER_0.5,Over 0.5,Over 0.5,Marathonbet,totals,Over,1.66,1.66,1.18,1.22,1.22,0.8443,0.7526,0.8173,81.73,0.8442810255537666,0.8305300788742038,0.8114,0.086,0.3568,35.68,0.5405,0.05,0.5405,20.0,20.0,1.05,0.9,,NO_DATA,,,False,API_FOOTBALL_FIXTURES+API_FOOTBALL_ODDS+API_FOOTBALL_TEAM_RESULTS,0.0,STABLE,NO_SIGNAL,0,PENDING_CLV,ACCEPTED,ACCEPTED,0.8004,-19.96,LOW,LOW,LOW,0,NEUTRAL,NO_SHARP_SIGNAL,0.8173210552119426,1.95,65.0,0.0,LOW,79.93,81.79,0.3,0.2,0.2,0.15,0.15,27.6,53.02,True,VALUE PICK,2H,low,PREMATCH LOW
71d7facd987f1e6d29a28af6,1516060,,Navbahor,Olmaliq,Navbahor,Olmaliq,2026-07-17T15:00:00+00:00,,None-None,2026-07-17 03:52,Super League / Uzbekistan,Super League,Uzbekistan,Navbahor vs Olmaliq,Navbahor vs Olmaliq,DOUBLE_X2,X2,X2,BetVictor,double_chance,Draw/Away,2.05,2.05,1.65,1.73,1.73,0.6048,0.4878,0.5784,57.84,0.6047814515999923,0.5872349655673106,0.5629,0.1858,0.1858,18.58,0.1769,0.0442,0.1769,20.0,20.0,1.25,1.05,,NO_DATA,,,False,API_FOOTBALL_FIXTURES+API_FOOTBALL_ODDS+API_FOOTBALL_TEAM_RESULTS,0.0,STABLE,NO_SIGNAL,0,PENDING_CLV,ACCEPTED,ACCEPTED,1.0,0.0,LOW,HIGH,HIGH,0,NEUTRAL,NO_SHARP_SIGNAL,0.5784344758971174,2.3,76.67,0.0,LOW,57.44,57.35,0.3,0.2,0.2,0.15,0.15,23.0,38.19,False,STANDARD,NS,low,PREMATCH LOW
88fca7638e0295a8556468c2,1516062,,Pakhtakor,Lokomotiv,Pakhtakor,Lokomotiv,2026-07-17T15:00:00+00:00,,None-None,2026-07-17 03:52,Super League / Uzbekistan,Super League,Uzbekistan,Pakhtakor vs Lokomotiv,Pakhtakor vs Lokomotiv,DOUBLE_X2,X2,X2,BetVictor,double_chance,Draw/Away,2.25,2.25,1.92,1.98,1.98,0.5213,0.4444,0.5051,50.51,0.5212761131645911,0.5097513628565691,0.4937,0.1364,0.1364,13.64,0.1092,0.0273,0.1092,20.0,20.0,1.65,1.15,,NO_DATA,,,False,API_FOOTBALL_FIXTURES+API_FOOTBALL_ODDS+API_FOOTBALL_TEAM_RESULTS,0.0,STABLE,NO_SIGNAL,0,PENDING_CLV,ACCEPTED,ACCEPTED,1.0,0.0,LOW,HIGH,HIGH,0,NEUTRAL,NO_SHARP_SIGNAL,0.5050859539995983,2.8,93.33,0.0,LOW,52.11,50.11,0.3,0.2,0.2,0.15,0.15,23.0,32.84,False,STANDARD,NS,low,PREMATCH LOW
ffd738c0f457487af9f2390d,1522144,,Northcote City,Manningham United Blues,Northcote City,Manningham United Blues,2026-07-17T10:30:00+00:00,,None-None,2026-07-17 03:51,Victoria NPL 2 / Australia,Victoria NPL 2,Australia,Northcote City vs Manningham United Blues,Northcote City vs Manningham United Blues,DOUBLE_X2,X2,X2,Betfair,double_chance,Draw/Away,2.25,2.25,1.93,1.99,1.99,0.5194,0.4444,0.5037,50.37,0.5194478670613132,0.5081973536687828,0.4926,0.1333,0.1333,13.33,0.1067,0.0267,0.1067,20.0,20.0,1.75,1.25,,NO_DATA,,,False,API_FOOTBALL_FIXTURES+API_FOOTBALL_ODDS+API_FOOTBALL_TEAM_RESULTS,0.0,STABLE,NO_SIGNAL,0,PENDING_CLV,ACCEPTED,ACCEPTED,1.0,0.0,LOW,HIGH,HIGH,0,NEUTRAL,NO_SHARP_SIGNAL,0.503698147568148,3.0,97.0,0.0,LOW,52.77,49.97,0.3,0.2,0.2,0.15,0.15,23.0,32.81,False,STANDARD,NS,low,PREMATCH LOW
240766037ff975a42a8b675c,1521981,,Bentleigh Greens,Dandenong City,Bentleigh Greens,Dandenong City,2026-07-17T09:30:00+00:00,,None-None,2026-07-17 03:50,Victoria NPL / Australia,Victoria NPL,Australia,Bentleigh Greens vs Dandenong City,Bentleigh Greens vs Dandenong City,DOUBLE_X2,X2,X2,Betano,double_chance,Draw/Away,1.3,1.3,1.14,1.18,1.18,0.8768,0.7692,0.8458,84.58,0.8767746017127656,0.8606430268404661,0.8382,0.0995,0.0995,9.95,0.3317,0.05,0.3317,20.0,20.0,0.9,2.3,,NO_DATA,,,False,API_FOOTBALL_FIXTURES+API_FOOTBALL_ODDS+API_FOOTBALL_TEAM_RESULTS,0.0,STABLE,NO_SIGNAL,0,PENDING_CLV,ACCEPTED,ACCEPTED,1.0,0.0,LOW,MEDIUM,MEDIUM,0,NEUTRAL,NO_SHARP_SIGNAL,0.8457801187883263,3.2,97.0,0.0,LOW,87.78,84.6,0.3,0.2,0.2,0.15,0.15,27.6,50.64,True,VALUE PICK,NS,low,PREMATCH LOW
cb0bd3dab5ff2be5f1d269d7,1584864,,Jong AZ,Jong Ajax,Jong AZ,Jong Ajax,2026-07-17T10:00:00+00:00,,None-None,2026-07-17 03:51,Friendlies Clubs / World,Friendlies Clubs,World,Jong AZ vs Jong Ajax,Jong AZ vs Jong Ajax,DOUBLE_1X,1X,1X,Betfair,double_chance,Home/Draw,1.57,1.57,1.38,1.43,1.43,0.7222,0.6369,0.6995,69.95,0.7222052293633574,0.7094158462327391,0.6917,0.0982,0.0982,9.82,0.1723,0.0431,0.1723,20.0,20.0,2.35,1.73,,NO_DATA,,,False,API_FOOTBALL_FIXTURES+API_FOOTBALL_ODDS+API_FOOTBALL_TEAM_RESULTS,0.0,STABLE,NO_SIGNAL,0,PENDING_CLV,ACCEPTED,ACCEPTED,1.0,0.0,LOW,MEDIUM,MEDIUM,0,NEUTRAL,NO_SHARP_SIGNAL,0.6995110923629173,4.08,97.0,0.0,LOW,76.67,69.83,0.3,0.2,0.2,0.15,0.15,23.0,43.24,False,STANDARD,NS,low,PREMATCH LOW
0cb6e9768f95b68efc33d5ff,1547981,,FC Nordsjaelland,Sparta Praha,FC Nordsjaelland,Sparta Praha,2026-07-17T10:00:00+00:00,,None-None,2026-07-17 03:51,Friendlies Clubs / World,Friendlies Clubs,World,FC Nordsjaelland vs Sparta Praha,FC Nordsjaelland vs Sparta Praha,DOUBLE_X2,X2,X2,Marathonbet,double_chance,Draw/Away,1.37,1.37,1.21,1.25,1.25,0.8292,0.7299,0.801,80.1,0.8291918439463988,0.8143021184493294,0.7936,0.0974,0.0974,9.74,0.2633,0.05,0.2633,20.0,20.0,1.04,2.09,,NO_DATA,,,False,API_FOOTBALL_FIXTURES+API_FOOTBALL_ODDS+API_FOOTBALL_TEAM_RESULTS,0.0,STABLE,NO_SIGNAL,0,PENDING_CLV,ACCEPTED,ACCEPTED,1.0,0.0,LOW,MEDIUM,MEDIUM,0,NEUTRAL,NO_SHARP_SIGNAL,0.8010414829145305,3.13,97.0,0.0,LOW,83.02,80.09,0.3,0.2,0.2,0.15,0.15,27.6,48.05,False,STANDARD,NS,low,PREMATCH LOW
c4c757ab21f0fda458ddd82a,1528651,,Changchun Yatai,Wuxi Wugou,Changchun Yatai,Wuxi Wugou,2026-07-17T11:00:00+00:00,,None-None,2026-07-17 03:51,League One / China,League One,China,Changchun Yatai vs Wuxi Wugou,Changchun Yatai vs Wuxi Wugou,DOUBLE_X2,X2,X2,Betano,double_chance,Draw/Away,1.72,1.72,1.57,1.6,1.6,0.6383,0.5814,0.6234,62.34,0.6382556923001204,0.6297266407806837,0.6179,0.0722,0.0722,7.22,0.1002,0.0251,0.1002,20.0,20.0,1.61,1.67,,NO_DATA,,,False,API_FOOTBALL_FIXTURES+API_FOOTBALL_ODDS+API_FOOTBALL_TEAM_RESULTS,0.0,STABLE,NO_SIGNAL,0,PENDING_CLV,ACCEPTED,ACCEPTED,1.0,0.0,LOW,HIGH,HIGH,0,NEUTRAL,NO_SHARP_SIGNAL,0.6233586485464786,3.28,97.0,0.0,LOW,65.86,62.24,0.3,0.2,0.2,0.15,0.15,20.0,37.51,False,STANDARD,NS,low,PREMATCH LOW
60d7ce5de352ceb2fca53134,1550895,,Club Tijuana,Tigres UANL,Club Tijuana,Tigres UANL,2026-07-17T03:10:00+00:00,,None-None,2026-07-17 03:50,Liga MX / Mexico,Liga MX,Mexico,Club Tijuana vs Tigres UANL,Club Tijuana vs Tigres UANL,DOUBLE_1X,1X,1X,Betano,double_chance,Home/Draw,1.82,1.82,1.66,1.7,1.7,0.602,0.5495,0.5888,58.88,0.6019930674022399,0.5941116897094862,0.5832,0.0717,0.0717,7.17,0.0874,0.0218,0.0874,20.0,20.0,1.1,1.3,,NO_DATA,,,False,API_FOOTBALL_FIXTURES+API_FOOTBALL_ODDS+API_FOOTBALL_TEAM_RESULTS,0.0,STABLE,NO_SIGNAL,0,PENDING_CLV,ACCEPTED,ACCEPTED,1.0,0.0,LOW,HIGH,HIGH,0,NEUTRAL,NO_SHARP_SIGNAL,0.5888281827966404,2.4,80.0,0.0,LOW,58.88,58.75,0.3,0.2,0.2,0.15,0.15,20.0,34.88,False,STANDARD,NS,low,PREMATCH LOW
80dd27e9ca83bf433e86018a,1519406,,Orense SC,Emelec,Orense SC,Emelec,2026-07-17T00:00:00+00:00,90,0-1,2026-07-17 03:50,Liga Pro / Ecuador,Liga Pro,Ecuador,Orense SC vs Emelec,Orense SC vs Emelec,UNDER_4.5,Under 4.5,Under 4.5,Unibet,totals,Under,2.6,2.6,1.03,1.06,1.06,0.9704,0.8984,0.9444,94.44,0.9703852000168831,0.9595930450143506,0.9446,0.0512,1.4555,145.55,0.9097,0.05,0.9097,20.0,20.0,0.75,0.95,,NO_DATA,,,False,API_FOOTBALL_FIXTURES+API_FOOTBALL_ODDS+API_FOOTBALL_TEAM_RESULTS,0.0,STABLE,NO_SIGNAL,0,PENDING_CLV,ACCEPTED,ACCEPTED,0.4281,-57.19,RISK,LOW,LOW,0,NEUTRAL,NO_SHARP_SIGNAL,0.9444151315100453,1.7,56.67,0.0,LOW,91.64,94.82,0.3,0.2,0.2,0.15,0.15,27.6,81.3,True,TOP PICK,2H,low,PREMATCH LOW
c0080ee28b0d6dc89a30952f,1547981,,FC Nordsjaelland,Sparta Praha,FC Nordsjaelland,Sparta Praha,2026-07-17T10:00:00+00:00,,None-None,2026-07-17 03:51,Friendlies Clubs / World,Friendlies Clubs,World,FC Nordsjaelland vs Sparta Praha,FC Nordsjaelland vs Sparta Praha,OVER_0.5,Over 0.5,Over 0.5,Betano,totals,Over,2.4,2.4,1.06,1.08,1.08,0.9468,0.8763,0.9217,92.17,0.9467790399755606,0.9362054829482986,0.9215,0.0518,1.212,121.2,0.8657,0.05,0.8657,20.0,20.0,1.04,2.09,,NO_DATA,,,False,API_FOOTBALL_FIXTURES+API_FOOTBALL_ODDS+API_FOOTBALL_TEAM_RESULTS,0.0,STABLE,NO_SIGNAL,0,PENDING_CLV,ACCEPTED,ACCEPTED,0.4755,-52.45,RISK,LOW,LOW,0,NEUTRAL,NO_SHARP_SIGNAL,0.921683838063809,3.13,97.0,0.0,LOW,95.09,92.52,0.3,0.2,0.2,0.15,0.15,27.6,76.33,True,TOP PICK,NS,low,PREMATCH LOW
5bfb5eff6d3a6eae1f2991bb,1490327,,St. Louis City,Sporting Kansas City,St. Louis City,Sporting Kansas City,2026-07-17T00:30:00+00:00,45,2-1,2026-07-17 03:50,Major League Soccer / USA,Major League Soccer,USA,St. Louis City vs Sporting Kansas City,St. Louis City vs Sporting Kansas City,OVER_0.5,Over 0.5,Over 0.5,Betano,totals,Over,2.32,2.32,1.05,1.07,1.07,0.9517,0.9005,0.9304,93.04,0.9516868306224191,0.9440109929930356,0.9334,0.0332,1.1586,115.86,0.8777,0.05,0.8777,20.0,20.0,2.05,1.2,,NO_DATA,,,False,API_FOOTBALL_FIXTURES+API_FOOTBALL_ODDS+API_FOOTBALL_TEAM_RESULTS,0.0,STABLE,NO_SIGNAL,0,PENDING_CLV,ACCEPTED,ACCEPTED,0.4787,-52.13,RISK,LOW,LOW,0,NEUTRAL,NO_SHARP_SIGNAL,0.9304176950951248,3.25,97.0,0.0,LOW,96.44,93.51,0.3,0.2,0.2,0.15,0.15,27.6,75.57,True,TOP PICK,HT,low,PREMATCH LOW
099388f259b12eb860eb816a,1523203,,Beijing Guoan,Shenyang Urban,Beijing Guoan,Shenyang Urban,2026-07-17T11:35:00+00:00,,None-None,2026-07-17 03:51,Super League / China,Super League,China,Beijing Guoan vs Shenyang Urban,Beijing Guoan vs Shenyang Urban,OVER_1.5,Over 1.5,Over 1.5,Betano,totals,Over,2.07,2.07,1.12,1.15,1.15,0.8938,0.8366,0.8727,87.27,0.8938466384494764,0.8852629339212026,0.8733,0.0431,0.8065,80.65,0.7537,0.05,0.7537,20.0,20.0,2.11,1.61,,NO_DATA,,,False,API_FOOTBALL_FIXTURES+API_FOOTBALL_ODDS+API_FOOTBALL_TEAM_RESULTS,0.0,STABLE,NO_SIGNAL,0,PENDING_CLV,ACCEPTED,ACCEPTED,0.5774,-42.26,RISK,LOW,LOW,0,NEUTRAL,NO_SHARP_SIGNAL,0.8727040537448418,3.72,97.0,0.0,LOW,92.55,87.61,0.3,0.2,0.2,0.15,0.15,27.6,65.87,True,BEST PICK,NS,low,PREMATCH LOW
858a4a027f9dc7666662848c,1583332,,Kolos Kovalivka,Kudrivka,Kolos Kovalivka,Kudrivka,2026-07-17T14:00:00+00:00,,None-None,2026-07-17 03:52,Friendlies Clubs / World,Friendlies Clubs,World,Kolos Kovalivka vs Kudrivka,Kolos Kovalivka vs Kudrivka,OVER_1.5,Over 1.5,Over 1.5,Betfair,totals,Over,2.25,2.25,1.32,1.35,1.35,0.7574,0.7097,0.7415,74.15,0.7573619654322705,0.7502092835206557,0.7403,0.0448,0.6683,66.83,0.5347,0.05,0.5347,20.0,20.0,1.68,0.99,,NO_DATA,,,False,API_FOOTBALL_FIXTURES+API_FOOTBALL_ODDS+API_FOOTBALL_TEAM_RESULTS,0.0,STABLE,NO_SIGNAL,0,PENDING_CLV,ACCEPTED,ACCEPTED,0.6263,-37.37,RISK,MEDIUM,MEDIUM,0,NEUTRAL,NO_SHARP_SIGNAL,0.741476498464459,2.67,89.0,0.0,LOW,75.23,74.31,0.3,0.2,0.2,0.15,0.15,23.0,55.05,True,VALUE PICK,NS,low,PREMATCH LOW
73942b4ad337d99d2cb2c88d,1522144,,Northcote City,Manningham United Blues,Northcote City,Manningham United Blues,2026-07-17T10:30:00+00:00,,None-None,2026-07-17 03:51,Victoria NPL 2 / Australia,Victoria NPL 2,Australia,Northcote City vs Manningham United Blues,Northcote City vs Manningham United Blues,OVER_1.5,Over 1.5,Over 1.5,Pinnacle,totals,Over,2.0,2.0,1.23,1.26,1.26,0.8117,0.7484,0.7914,79.14,0.8117421788223769,0.8022450029424166,0.7891,0.0574,0.5827,58.27,0.5827,0.05,0.5827,20.0,20.0,1.75,1.25,,NO_DATA,,,False,API_FOOTBALL_FIXTURES+API_FOOTBALL_ODDS+API_FOOTBALL_TEAM_RESULTS,0.0,STABLE,NO_SIGNAL,0,PENDING_CLV,ACCEPTED,ACCEPTED,0.6681,-33.19,RISK,LOW,LOW,0,NEUTRAL,NO_SHARP_SIGNAL,0.7913715020596916,3.0,97.0,0.0,LOW,81.54,79.3,0.3,0.2,0.2,0.15,0.15,27.6,56.54,True,VALUE PICK,NS,low,PREMATCH LOW
7a8d2cbaf4cf12c6e4bd2c38,1528654,,Hebei Kungfu,Yanbian Longding,Hebei Kungfu,Yanbian Longding,2026-07-17T11:30:00+00:00,,None-None,2026-07-17 03:51,League One / China,League One,China,Hebei Kungfu vs Yanbian Longding,Hebei Kungfu vs Yanbian Longding,UNDER_4.5,Under 4.5,Under 4.5,Marathonbet,totals,Under,1.65,1.65,1.08,1.11,1.11,0.922,0.8584,0.8989,89.89,0.9219864017910686,0.9124438063292752,0.8992,0.0472,0.4832,48.32,0.7434,0.05,0.7434,20.0,20.0,0.75,1.5,,NO_DATA,,,False,API_FOOTBALL_FIXTURES+API_FOOTBALL_ODDS+API_FOOTBALL_TEAM_RESULTS,0.0,STABLE,NO_SIGNAL,0,PENDING_CLV,ACCEPTED,ACCEPTED,0.7061,-29.39,RISK,LOW,LOW,0,NEUTRAL,NO_SHARP_SIGNAL,0.8989006644304927,2.25,75.0,0.0,LOW,89.29,90.23,0.3,0.2,0.2,0.15,0.15,27.6,59.73,True,VALUE PICK,NS,low,PREMATCH LOW
7f53dcf9ac6ead82106ecae6,1527103,,West Torrens Birkalla,Para Hills Knights,West Torrens Birkalla,Para Hills Knights,2026-07-17T10:30:00+00:00,,None-None,2026-07-17 03:51,South Australia NPL / Australia,South Australia NPL,Australia,West Torrens Birkalla vs Para Hills Knights,West Torrens Birkalla vs Para Hills Knights,OVER_1.5,Over 1.5,Over 1.5,Marathonbet,totals,Over,1.51,1.51,1.09,1.11,1.11,0.9204,0.8743,0.9009,90.09,0.9204039287446938,0.9134840555029314,0.9039,0.0305,0.3604,36.04,0.7066,0.05,0.7066,20.0,20.0,3.15,0.95,,NO_DATA,,,False,API_FOOTBALL_FIXTURES+API_FOOTBALL_ODDS+API_FOOTBALL_TEAM_RESULTS,0.0,STABLE,NO_SIGNAL,0,PENDING_CLV,ACCEPTED,ACCEPTED,0.7575,-24.25,RISK,LOW,LOW,0,NEUTRAL,NO_SHARP_SIGNAL,0.9009188388520519,4.1,97.0,0.0,LOW,96.89,90.53,0.3,0.2,0.2,0.15,0.15,27.6,58.62,True,VALUE PICK,NS,low,PREMATCH LOW
0902ae276cbcb48b32cb70a1,1528654,,Hebei Kungfu,Yanbian Longding,Hebei Kungfu,Yanbian Longding,2026-07-17T11:30:00+00:00,,None-None,2026-07-17 03:51,League One / China,League One,China,Hebei Kungfu vs Yanbian Longding,Hebei Kungfu vs Yanbian Longding,OVER_0.5,Over 0.5,Over 0.5,Marathonbet,totals,Over,1.54,1.54,1.13,1.16,1.16,0.8827,0.8386,0.8645,86.45,0.8827432979156701,0.876117966750332,0.8669,0.031,0.3314,33.14,0.6137,0.05,0.6137,20.0,20.0,0.75,1.5,,NO_DATA,,,False,API_FOOTBALL_FIXTURES+API_FOOTBALL_ODDS+API_FOOTBALL_TEAM_RESULTS,0.0,STABLE,NO_SIGNAL,0,PENDING_CLV,ACCEPTED,ACCEPTED,0.7744,-22.56,RISK,LOW,LOW,0,NEUTRAL,NO_SHARP_SIGNAL,0.8645325767252323,2.25,75.0,0.0,LOW,85.85,86.84,0.3,0.2,0.2,0.15,0.15,27.6,54.56,True,VALUE PICK,NS,low,PREMATCH LOW
c55f3a7202f0f4805f6b99ce,1528653,,Dongguan United,Nantong Zhiyun,Dongguan United,Nantong Zhiyun,2026-07-17T11:30:00+00:00,,None-None,2026-07-17 03:51,League One / China,League One,China,Dongguan United vs Nantong Zhiyun,Dongguan United vs Nantong Zhiyun,OVER_0.5,Over 0.5,Over 0.5,Pinnacle,totals,Over,1.48,1.48,1.11,1.14,1.14,0.8994,0.8517,0.8801,88.01,0.8994125982480333,0.8922562195328724,0.8823,0.0333,0.3025,30.25,0.6303,0.05,0.6303,20.0,20.0,0.99,1.44,,NO_DATA,,,False,API_FOOTBALL_FIXTURES+API_FOOTBALL_ODDS+API_FOOTBALL_TEAM_RESULTS,0.0,STABLE,NO_SIGNAL,0,PENDING_CLV,ACCEPTED,ACCEPTED,0.7933,-20.67,RISK,LOW,LOW,0,NEUTRAL,NO_SHARP_SIGNAL,0.8800893536730107,2.43,81.0,0.0,LOW,88.13,88.41,0.3,0.2,0.2,0.15,0.15,27.6,55.02,True,VALUE PICK,NS,low,PREMATCH LOW
94ad677e930ebfb22fbdcad8,1528651,,Changchun Yatai,Wuxi Wugou,Changchun Yatai,Wuxi Wugou,2026-07-17T11:00:00+00:00,,None-None,2026-07-17 03:51,League One / China,League One,China,Changchun Yatai vs Wuxi Wugou,Changchun Yatai vs Wuxi Wugou,OVER_0.5,Over 0.5,Over 0.5,Betano,totals,Over,1.4,1.4,1.05,1.08,1.08,0.9523,0.8871,0.9281,92.81,0.9522545082928906,0.9424808481779893,0.9289,0.0462,0.2994,29.94,0.7484,0.05,0.7484,20.0,20.0,1.61,1.67,,NO_DATA,,,False,API_FOOTBALL_FIXTURES+API_FOOTBALL_ODDS+API_FOOTBALL_TEAM_RESULTS,0.0,STABLE,NO_SIGNAL,0,PENDING_CLV,ACCEPTED,ACCEPTED,0.8052,-19.48,RISK,LOW,LOW,0,NEUTRAL,NO_SHARP_SIGNAL,0.9281165937245924,3.28,97.0,0.0,LOW,96.33,93.2,0.3,0.2,0.2,0.15,0.15,27.6,58.47,True,VALUE PICK,NS,low,PREMATCH LOW
506f95ee04a6a200f5553706,1540103,,Sarmiento Junin,Boca Juniors,Sarmiento Junin,Boca Juniors,2026-07-17T00:45:00+00:00,45,0-0,2026-07-17 03:50,Copa Argentina / Argentina,Copa Argentina,Argentina,Sarmiento Junin vs Boca Juniors,Sarmiento Junin vs Boca Juniors,BTTS_YES,BTTS Yes,BTTS Yes,Bet365,btts,Yes,2.75,2.75,1.99,2.12,2.12,0.5013,0.3529,0.471,47.1,0.5013124212738634,0.4790567345533721,0.4481,0.3346,0.2953,29.53,0.1688,0.0422,0.1688,20.0,20.0,0.95,1.6,,NO_DATA,,,False,API_FOOTBALL_FIXTURES+API_FOOTBALL_ODDS+API_FOOTBALL_TEAM_RESULTS,0.0,STABLE,NO_SIGNAL,0,PENDING_CLV,ACCEPTED,ACCEPTED,1.0303,3.03,RISK,HIGH,HIGH,0,NEUTRAL,NO_SHARP_SIGNAL,0.47102971418736045,2.55,85.0,0.0,LOW,47.7,46.26,0.3,0.2,0.2,0.15,0.15,23.0,36.87,False,STANDARD,HT,low,PREMATCH LOW
6b59402bc0d7cb6906193503,1554985,,Zbrojovka Brno,Podbrezová,Zbrojovka Brno,Podbrezová,2026-07-17T15:00:00+00:00,,None-None,2026-07-17 03:52,Friendlies Clubs / World,Friendlies Clubs,World,Zbrojovka Brno vs Podbrezová,Zbrojovka Brno vs Podbrezová,OVER_0.5,Over 0.5,Over 0.5,Betano,totals,Over,1.38,1.38,1.05,1.07,1.07,0.956,0.8885,0.9313,93.13,0.956020210848239,0.9458966622581597,0.9318,0.0482,0.2852,28.52,0.7506,0.05,0.7506,20.0,20.0,1.91,1.46,,NO_DATA,,,False,API_FOOTBALL_FIXTURES+API_FOOTBALL_ODDS+API_FOOTBALL_TEAM_RESULTS,0.0,STABLE,NO_SIGNAL,0,PENDING_CLV,ACCEPTED,ACCEPTED,0.8155,-18.45,RISK,LOW,LOW,0,NEUTRAL,NO_SHARP_SIGNAL,0.9313176635807117,3.37,97.0,0.0,LOW,97.01,93.51,0.3,0.2,0.2,0.15,0.15,27.6,58.46,True,VALUE PICK,NS,low,PREMATCH LOW
896725c28b08556e5bc7c4a9,1547982,,Lincoln,Leyton Orient,Lincoln,Leyton Orient,2026-07-17T15:00:00+00:00,,None-None,2026-07-17 03:52,Friendlies Clubs / World,Friendlies Clubs,World,Lincoln vs Leyton Orient,Lincoln vs Leyton Orient,OVER_0.5,Over 0.5,Over 0.5,Marathonbet,totals,Over,1.38,1.38,1.05,1.08,1.08,0.9535,0.8885,0.9294,92.94,0.9535268165945175,0.9437772771424966,0.9302,0.046,0.2826,28.26,0.7436,0.05,0.7436,20.0,20.0,1.3,2.0,,NO_DATA,,,False,API_FOOTBALL_FIXTURES+API_FOOTBALL_ODDS+API_FOOTBALL_TEAM_RESULTS,0.0,STABLE,NO_SIGNAL,0,PENDING_CLV,ACCEPTED,ACCEPTED,0.8155,-18.45,RISK,LOW,LOW,0,NEUTRAL,NO_SHARP_SIGNAL,0.9293840939997475,3.3,97.0,0.0,LOW,96.54,93.33,0.3,0.2,0.2,0.15,0.15,27.6,58.22,True,VALUE PICK,NS,low,PREMATCH LOW
55d3b023421a04904b688b26,1528652,,Suzhou Dongwu,Shenzhen Juniors,Suzhou Dongwu,Shenzhen Juniors,2026-07-17T11:00:00+00:00,,None-None,2026-07-17 03:51,League One / China,League One,China,Suzhou Dongwu vs Shenzhen Juniors,Suzhou Dongwu vs Shenzhen Juniors,OVER_0.5,Over 0.5,Over 0.5,Betano,totals,Over,1.39,1.39,1.06,1.09,1.09,0.9398,0.8878,0.9187,91.87,0.9398071214083941,0.9320079660300646,0.9212,0.0347,0.2769,27.69,0.7101,0.05,0.7101,20.0,20.0,1.1,1.9,,NO_DATA,,,False,API_FOOTBALL_FIXTURES+API_FOOTBALL_ODDS+API_FOOTBALL_TEAM_RESULTS,0.0,STABLE,NO_SIGNAL,0,PENDING_CLV,ACCEPTED,ACCEPTED,0.8103,-18.97,RISK,LOW,LOW,0,NEUTRAL,NO_SHARP_SIGNAL,0.9186555762210452,3.0,97.0,0.0,LOW,94.27,92.31,0.3,0.2,0.2,0.15,0.15,27.6,57.11,True,VALUE PICK,NS,low,PREMATCH LOW
196e440dd3911f7e1e51a5df,1521981,,Bentleigh Greens,Dandenong City,Bentleigh Greens,Dandenong City,2026-07-17T09:30:00+00:00,,None-None,2026-07-17 03:50,Victoria NPL / Australia,Victoria NPL,Australia,Bentleigh Greens vs Dandenong City,Bentleigh Greens vs Dandenong City,OVER_0.5,Over 0.5,Over 0.5,Betano,totals,Over,1.37,1.37,1.05,1.08,1.08,0.9508,0.8883,0.9272,92.72,0.950798568812152,0.9414306172311604,0.9284,0.0438,0.2703,27.03,0.7306,0.05,0.7306,20.0,20.0,0.9,2.3,,NO_DATA,,,False,API_FOOTBALL_FIXTURES+API_FOOTBALL_ODDS+API_FOOTBALL_TEAM_RESULTS,0.0,STABLE,NO_SIGNAL,0,PENDING_CLV,ACCEPTED,ACCEPTED,0.8217,-17.83,RISK,LOW,LOW,0,NEUTRAL,NO_SHARP_SIGNAL,0.9272314320618122,3.2,97.0,0.0,LOW,95.92,93.12,0.3,0.2,0.2,0.15,0.15,27.6,57.74,True,VALUE PICK,NS,low,PREMATCH LOW
e167b88e144c95163d9f87e9,1521980,,Green Gully,Dandenong Thunder,Green Gully,Dandenong Thunder,2026-07-17T09:30:00+00:00,,None-None,2026-07-17 03:50,Victoria NPL / Australia,Victoria NPL,Australia,Green Gully vs Dandenong Thunder,Green Gully vs Dandenong Thunder,OVER_0.5,Over 0.5,Over 0.5,Betano,totals,Over,1.34,1.34,1.05,1.07,1.07,0.9553,0.9018,0.9335,93.35,0.9553373107478277,0.9473006437544218,0.9361,0.0352,0.2509,25.09,0.7378,0.05,0.7378,20.0,20.0,1.95,1.4,,NO_DATA,,,False,API_FOOTBALL_FIXTURES+API_FOOTBALL_ODDS+API_FOOTBALL_TEAM_RESULTS,0.0,STABLE,NO_SIGNAL,0,PENDING_CLV,ACCEPTED,ACCEPTED,0.8276,-17.24,RISK,LOW,LOW,0,NEUTRAL,NO_SHARP_SIGNAL,0.9334704506280953,3.35,97.0,0.0,LOW,97.15,93.81,0.3,0.2,0.2,0.15,0.15,27.6,57.69,True,VALUE PICK,NS,low,PREMATCH LOW
59ccbbb6c4587ae740fd0e6f,1533745,,Suwon FMC W,Hwacheon KSPO W,Suwon FMC W,Hwacheon KSPO W,2026-07-17T10:00:00+00:00,,None-None,2026-07-17 03:51,WK-League / South-Korea,WK-League,South-Korea,Suwon FMC W vs Hwacheon KSPO W,Suwon FMC W vs Hwacheon KSPO W,OVER_0.5,Over 0.5,Over 0.5,BetVictor,totals,Over,1.34,1.34,1.06,1.08,1.08,0.947,0.8914,0.9249,92.49,0.946970213753841,0.9386361889841198,0.9271,0.0376,0.2394,23.94,0.7041,0.05,0.7041,20.0,20.0,1.9,1.25,,NO_DATA,,,False,API_FOOTBALL_FIXTURES+API_FOOTBALL_ODDS+API_FOOTBALL_TEAM_RESULTS,0.0,STABLE,NO_SIGNAL,0,PENDING_CLV,ACCEPTED,ACCEPTED,0.8372,-16.28,RISK,LOW,LOW,0,NEUTRAL,NO_SHARP_SIGNAL,0.9249153322888839,3.15,97.0,0.0,LOW,95.49,92.92,0.3,0.2,0.2,0.15,0.15,27.6,56.86,True,VALUE PICK,NS,low,PREMATCH LOW
ff1ad4e90c5608f3f1e2d4ad,1548859,,Bayreuth,FC Carl Zeiss Jena,Bayreuth,FC Carl Zeiss Jena,2026-07-17T16:00:00+00:00,,None-None,2026-07-17 03:52,Friendlies Clubs / World,Friendlies Clubs,World,Bayreuth vs FC Carl Zeiss Jena,Bayreuth vs FC Carl Zeiss Jena,OVER_0.5,Over 0.5,Over 0.5,Betfair,totals,Over,1.29,1.29,1.03,1.06,1.06,0.9748,0.895,0.9471,94.71,0.9748144305238009,0.962847758215369,0.9462,0.0582,0.2218,22.18,0.7649,0.05,0.7649,20.0,20.0,2.5,1.5,,NO_DATA,,,False,API_FOOTBALL_FIXTURES+API_FOOTBALL_ODDS+API_FOOTBALL_TEAM_RESULTS,0.0,STABLE,NO_SIGNAL,0,PENDING_CLV,ACCEPTED,ACCEPTED,0.8661,-13.39,RISK,LOW,LOW,0,NEUTRAL,NO_SHARP_SIGNAL,0.9471434307507584,4.0,97.0,0.0,LOW,99.0,95.06,0.3,0.2,0.2,0.15,0.15,27.6,58.29,True,VALUE PICK,NS,low,PREMATCH LOW
433071ec4206b5fd238bbf78,1522148,,Melbourne Knights,Brunswick City,Melbourne Knights,Brunswick City,2026-07-17T10:30:00+00:00,,None-None,2026-07-17 03:51,Victoria NPL 2 / Australia,Victoria NPL 2,Australia,Melbourne Knights vs Brunswick City,Melbourne Knights vs Brunswick City,DOUBLE_X2,X2,X2,Betfair,double_chance,Draw/Away,2.8,2.8,2.22,2.31,2.31,0.4504,0.3571,0.4326,43.26,0.4504027718675405,0.43641378465883796,0.417,0.2112,0.2112,21.12,0.1173,0.0293,0.1173,20.0,20.0,1.95,1.15,,NO_DATA,,,False,API_FOOTBALL_FIXTURES+API_FOOTBALL_ODDS+API_FOOTBALL_TEAM_RESULTS,0.0,STABLE,NO_SIGNAL,0,PENDING_CLV,ACCEPTED,ACCEPTED,1.0,0.0,RISK,HIGH,HIGH,0,NEUTRAL,NO_SHARP_SIGNAL,0.4325696492611866,3.1,97.0,0.0,LOW,46.06,42.64,0.3,0.2,0.2,0.15,0.15,23.0,31.68,False,STANDARD,NS,low,PREMATCH LOW
b25321e6062213c519a1b377,1550571,,Aalborg,Silkeborg,Aalborg,Silkeborg,2026-07-17T11:00:00+00:00,,None-None,2026-07-17 03:51,Friendlies Clubs / World,Friendlies Clubs,World,Aalborg vs Silkeborg,Aalborg vs Silkeborg,OVER_0.5,Over 0.5,Over 0.5,Betano,totals,Over,1.26,1.26,1.02,1.04,1.04,0.9817,0.931,0.9598,95.98,0.9816661679367792,0.9740657498656489,0.9635,0.0309,0.2093,20.93,0.805,0.05,0.805,20.0,20.0,1.79,2.59,,NO_DATA,,,False,API_FOOTBALL_FIXTURES+API_FOOTBALL_ODDS+API_FOOTBALL_TEAM_RESULTS,0.0,STABLE,NO_SIGNAL,0,PENDING_CLV,ACCEPTED,ACCEPTED,0.8525,-14.75,RISK,LOW,LOW,0,NEUTRAL,NO_SHARP_SIGNAL,0.9597660249059541,4.38,97.0,0.0,LOW,99.0,96.5,0.3,0.2,0.2,0.15,0.15,27.6,58.09,True,VALUE PICK,NS,low,PREMATCH LOW
bf26e8845499fcdb62bd3ad4,1490327,,St. Louis City,Sporting Kansas City,St. Louis City,Sporting Kansas City,2026-07-17T00:30:00+00:00,45,2-1,2026-07-17 03:50,Major League Soccer / USA,Major League Soccer,USA,St. Louis City vs Sporting Kansas City,St. Louis City vs Sporting Kansas City,DOUBLE_X2,X2,X2,Betano,double_chance,Draw/Away,2.77,2.77,2.27,2.35,2.35,0.4398,0.361,0.4251,42.51,0.4397550344472717,0.4279434038289174,0.4115,0.1776,0.1776,17.76,0.1004,0.0251,0.1004,20.0,20.0,2.05,1.2,,NO_DATA,,,False,API_FOOTBALL_FIXTURES+API_FOOTBALL_ODDS+API_FOOTBALL_TEAM_RESULTS,0.0,STABLE,NO_SIGNAL,0,PENDING_CLV,ACCEPTED,ACCEPTED,1.0,0.0,RISK,HIGH,HIGH,0,NEUTRAL,NO_SHARP_SIGNAL,0.4251403826802421,3.25,97.0,0.0,LOW,45.91,41.96,0.3,0.2,0.2,0.15,0.15,23.0,30.22,False,STANDARD,HT,low,PREMATCH LOW
daf59dafab70862477e8dfc2,1540103,,Sarmiento Junin,Boca Juniors,Sarmiento Junin,Boca Juniors,2026-07-17T00:45:00+00:00,45,0-0,2026-07-17 03:50,Copa Argentina / Argentina,Copa Argentina,Argentina,Sarmiento Junin vs Boca Juniors,Sarmiento Junin vs Boca Juniors,DOUBLE_1X,1X,1X,Betano,double_chance,Home/Draw,2.5,2.5,2.06,2.13,2.13,0.4862,0.4,0.4689,46.89,0.4861777307847386,0.4732510711670278,0.4553,0.1724,0.1724,17.24,0.1149,0.0287,0.1149,20.0,20.0,0.95,1.6,,NO_DATA,,,False,API_FOOTBALL_FIXTURES+API_FOOTBALL_ODDS+API_FOOTBALL_TEAM_RESULTS,0.0,STABLE,NO_SIGNAL,0,PENDING_CLV,ACCEPTED,ACCEPTED,1.0,0.0,RISK,HIGH,HIGH,0,NEUTRAL,NO_SHARP_SIGNAL,0.4689457498169194,2.55,85.0,0.0,LOW,47.49,46.38,0.3,0.2,0.2,0.15,0.15,23.0,31.89,False,STANDARD,HT,low,PREMATCH LOW
909d32818716a0a55010f5e5,1547975,,Feyenoord,Charleroi,Feyenoord,Charleroi,2026-07-17T11:30:00+00:00,,None-None,2026-07-17 03:51,Friendlies Clubs / World,Friendlies Clubs,World,Feyenoord vs Charleroi,Feyenoord vs Charleroi,OVER_0.5,Over 0.5,Over 0.5,Betano,totals,Over,1.23,1.23,1.03,1.06,1.06,0.9696,0.9159,0.9474,94.74,0.9696033241350722,0.9615517523774224,0.9504,0.0344,0.1653,16.53,0.7187,0.05,0.7187,20.0,20.0,1.75,2.05,,NO_DATA,,,False,API_FOOTBALL_FIXTURES+API_FOOTBALL_ODDS+API_FOOTBALL_TEAM_RESULTS,0.0,STABLE,NO_SIGNAL,0,PENDING_CLV,ACCEPTED,ACCEPTED,0.8876,-11.24,RISK,LOW,LOW,0,NEUTRAL,NO_SHARP_SIGNAL,0.9474062266641956,3.8,97.0,0.0,LOW,99.0,95.22,0.3,0.2,0.2,0.15,0.15,27.6,56.83,True,VALUE PICK,NS,low,PREMATCH LOW
39d791b6457cfbe67aa6b004,1583332,,Kolos Kovalivka,Kudrivka,Kolos Kovalivka,Kudrivka,2026-07-17T14:00:00+00:00,,None-None,2026-07-17 03:52,Friendlies Clubs / World,Friendlies Clubs,World,Kolos Kovalivka vs Kudrivka,Kolos Kovalivka vs Kudrivka,DOUBLE_X2,X2,X2,Betfair,double_chance,Draw/Away,2.4,2.4,2.1,2.15,2.15,0.476,0.4167,0.4644,46.44,0.47595919182401747,0.4670653130504148,0.4547,0.1146,0.1146,11.46,0.0819,0.0205,0.0819,20.0,20.0,1.68,0.99,,NO_DATA,,,False,API_FOOTBALL_FIXTURES+API_FOOTBALL_ODDS+API_FOOTBALL_TEAM_RESULTS,0.0,STABLE,NO_SIGNAL,0,PENDING_CLV,ACCEPTED,ACCEPTED,1.0,0.0,RISK,HIGH,HIGH,0,NEUTRAL,NO_SHARP_SIGNAL,0.46443571913529036,2.67,89.0,0.0,LOW,47.52,46.06,0.3,0.2,0.2,0.15,0.15,23.0,29.73,False,STANDARD,NS,low,PREMATCH LOW
2dfe8e9ac457d1dc1a3473a3,1550895,,Club Tijuana,Tigres UANL,Club Tijuana,Tigres UANL,2026-07-17T03:10:00+00:00,,None-None,2026-07-17 03:50,Liga MX / Mexico,Liga MX,Mexico,Club Tijuana vs Tigres UANL,Club Tijuana vs Tigres UANL,BTTS_NO,BTTS No,BTTS No,Betfair,btts,No,2.2,2.2,1.99,2.04,2.04,0.5017,0.4402,0.4891,48.91,0.5017122852647864,0.4924859768262135,0.4797,0.1111,0.0761,7.61,0.0634,0.0159,0.0634,15.85,15.85,1.1,1.3,,NO_DATA,,,False,API_FOOTBALL_FIXTURES+API_FOOTBALL_ODDS+API_FOOTBALL_TEAM_RESULTS,0.0,STABLE,NO_SIGNAL,0,PENDING_CLV,ACCEPTED,ACCEPTED,1.0326,3.26,RISK,HIGH,HIGH,0,NEUTRAL,NO_SHARP_SIGNAL,0.4891301837783494,2.4,80.0,0.0,LOW,48.91,48.56,0.3,0.2,0.2,0.15,0.15,15.85,30.05,False,STANDARD,NS,low,PREMATCH LOW
8c828895091bd0a16e86dda1,1517904,,Prospect United,Macarthur Rams,Prospect United,Macarthur Rams,2026-07-17T10:00:00+00:00,,None-None,2026-07-17 03:51,New South Wales NPL 2 / Australia,New South Wales NPL 2,Australia,Prospect United vs Macarthur Rams,Prospect United vs Macarthur Rams,BTTS_NO,BTTS No,BTTS No,Unibet,btts,No,2.23,2.23,2.01,2.08,2.08,0.4976,0.4193,0.4816,48.16,0.49755601521259907,0.4858132379307092,0.4695,0.1488,0.0741,7.41,0.0602,0.0151,0.0602,15.05,15.05,1.05,1.4,,NO_DATA,,,False,API_FOOTBALL_FIXTURES+API_FOOTBALL_ODDS+API_FOOTBALL_TEAM_RESULTS,0.0,STABLE,NO_SIGNAL,0,PENDING_CLV,ACCEPTED,ACCEPTED,1.0695,6.95,RISK,HIGH,HIGH,0,NEUTRAL,NO_SHARP_SIGNAL,0.48163926655149636,2.45,81.67,0.0,LOW,48.36,47.71,0.3,0.2,0.2,0.15,0.15,15.05,30.2,False,STANDARD,NS,low,PREMATCH LOW
367a94488827502ed4c618a1,1517597,,Sydney FC U23,Manly United,Sydney FC U23,Manly United,2026-07-17T09:30:00+00:00,,None-None,2026-07-17 03:50,New South Wales NPL / Australia,New South Wales NPL,Australia,Sydney FC U23 vs Manly United,Sydney FC U23 vs Manly United,BTTS_NO,BTTS No,BTTS No,William Hill,btts,No,2.2,2.2,1.99,2.05,2.05,0.5036,0.4241,0.4873,48.73,0.5036436294120891,0.4917096504453019,0.4751,0.1491,0.0721,7.21,0.0601,0.015,0.0601,15.03,15.03,1.0,1.45,,NO_DATA,,,False,API_FOOTBALL_FIXTURES+API_FOOTBALL_ODDS+API_FOOTBALL_TEAM_RESULTS,0.0,STABLE,NO_SIGNAL,0,PENDING_CLV,ACCEPTED,ACCEPTED,1.0718,7.18,RISK,HIGH,HIGH,0,NEUTRAL,NO_SHARP_SIGNAL,0.4873267553117113,2.45,81.67,0.0,LOW,48.93,48.28,0.3,0.2,0.2,0.15,0.15,15.03,30.48,False,STANDARD,NS,low,PREMATCH LOW
0c4f139a073ca91a2f6c31af,1490328,,Seattle Sounders,Portland Timbers,Seattle Sounders,Portland Timbers,2026-07-17T02:30:00+00:00,,None-None,2026-07-17 03:50,Major League Soccer / USA,Major League Soccer,USA,Seattle Sounders vs Portland Timbers,Seattle Sounders vs Portland Timbers,BTTS_NO,BTTS No,BTTS No,William Hill,btts,No,2.5,2.5,2.31,2.36,2.36,0.4337,0.3797,0.4243,42.43,0.4337207226753216,0.4256105050928819,0.4143,0.1176,0.0607,6.07,0.0405,0.0101,0.0405,10.12,10.12,1.5,1.25,,NO_DATA,,,False,API_FOOTBALL_FIXTURES+API_FOOTBALL_ODDS+API_FOOTBALL_TEAM_RESULTS,0.0,STABLE,NO_SIGNAL,0,PENDING_CLV,ACCEPTED,ACCEPTED,1.0536,5.36,RISK,HIGH,HIGH,0,NEUTRAL,NO_SHARP_SIGNAL,0.42428735356501734,2.75,91.67,0.0,LOW,43.83,42.01,0.3,0.2,0.2,0.15,0.15,10.12,26.55,False,STANDARD,NS,low,PREMATCH LOW
94a033348c1fafd4b1a9cce4,1554978,,FC Nordsjaelland,Jagiellonia,FC Nordsjaelland,Jagiellonia,2026-07-17T13:00:00+00:00,,None-None,2026-07-17 03:51,Friendlies Clubs / World,Friendlies Clubs,World,FC Nordsjaelland vs Jagiellonia,FC Nordsjaelland vs Jagiellonia,BTTS_NO,BTTS No,BTTS No,Betfair,btts,No,2.4,2.4,2.22,2.27,2.27,0.4504,0.3924,0.4398,43.98,0.45041645683463294,0.4417147478031089,0.4296,0.1207,0.0554,5.54,0.0396,0.0099,0.0396,9.9,9.9,1.04,1.79,,NO_DATA,,,False,API_FOOTBALL_FIXTURES+API_FOOTBALL_ODDS+API_FOOTBALL_TEAM_RESULTS,0.0,STABLE,NO_SIGNAL,0,PENDING_CLV,ACCEPTED,ACCEPTED,1.0618,6.18,RISK,HIGH,HIGH,0,NEUTRAL,NO_SHARP_SIGNAL,0.4397603234621762,2.83,94.33,0.0,LOW,45.7,43.56,0.3,0.2,0.2,0.15,0.15,9.9,27.41,False,STANDARD,NS,low,PREMATCH LOW
424825b55c0e0aff24ac0d0c,1527103,,West Torrens Birkalla,Para Hills Knights,West Torrens Birkalla,Para Hills Knights,2026-07-17T10:30:00+00:00,,None-None,2026-07-17 03:51,South Australia NPL / Australia,South Australia NPL,Australia,West Torrens Birkalla vs Para Hills Knights,West Torrens Birkalla vs Para Hills Knights,BTTS_YES,BTTS Yes,BTTS Yes,Bet365,btts,Yes,1.8,1.8,1.69,1.71,1.71,0.5919,0.5663,0.5845,58.45,0.5919295708100881,0.5880798942247195,0.5827,0.0322,0.0521,5.21,0.0651,0.0163,0.0651,16.28,16.28,3.15,0.95,,NO_DATA,,,False,API_FOOTBALL_FIXTURES+API_FOOTBALL_ODDS+API_FOOTBALL_TEAM_RESULTS,0.0,STABLE,NO_SIGNAL,0,PENDING_CLV,ACCEPTED,ACCEPTED,0.9811,-1.89,RISK,HIGH,HIGH,0,NEUTRAL,NO_SHARP_SIGNAL,0.5844859259573036,4.1,97.0,0.0,LOW,65.25,58.46,0.3,0.2,0.2,0.15,0.15,16.28,35.03,False,STANDARD,NS,low,PREMATCH LOW
d31a223cbe989fc8880e5ddc,1562927,,Stockport County,Bristol City,Stockport County,Bristol City,2026-07-17T10:00:00+00:00,,None-None,2026-07-17 03:51,Friendlies Clubs / World,Friendlies Clubs,World,Stockport County vs Bristol City,Stockport County vs Bristol City,DOUBLE_X2,X2,X2,Betano,double_chance,Draw/Away,1.23,1.23,1.14,1.17,1.17,0.8734,0.813,0.8521,85.21,0.8733761038695835,0.8643209078013411,0.8517,0.0481,0.0481,4.81,0.2091,0.05,0.2091,20.0,20.0,0.56,1.5,,NO_DATA,,,False,API_FOOTBALL_FIXTURES+API_FOOTBALL_ODDS+API_FOOTBALL_TEAM_RESULTS,0.0,STABLE,NO_SIGNAL,0,PENDING_CLV,ACCEPTED,ACCEPTED,1.0,0.0,RISK,HIGH,HIGH,0,NEUTRAL,NO_SHARP_SIGNAL,0.8521046354609387,2.06,68.67,0.0,LOW,83.85,85.49,0.3,0.2,0.2,0.15,0.15,24.0,48.3,False,STANDARD,NS,low,PREMATCH LOW
4062f1fcc8dd5bba856eea37,1550571,,Aalborg,Silkeborg,Aalborg,Silkeborg,2026-07-17T11:00:00+00:00,,None-None,2026-07-17 03:51,Friendlies Clubs / World,Friendlies Clubs,World,Aalborg vs Silkeborg,Aalborg vs Silkeborg,DOUBLE_X2,X2,X2,10Bet,double_chance,Draw/Away,1.44,1.44,1.35,1.37,1.37,0.7433,0.6944,0.7275,72.75,0.7432830554974554,0.7359572638395038,0.7258,0.0476,0.0476,4.76,0.1081,0.027,0.1081,20.0,20.0,1.79,2.59,,NO_DATA,,,False,API_FOOTBALL_FIXTURES+API_FOOTBALL_ODDS+API_FOOTBALL_TEAM_RESULTS,0.0,STABLE,NO_SIGNAL,0,PENDING_CLV,ACCEPTED,ACCEPTED,1.0,0.0,RISK,HIGH,HIGH,0,NEUTRAL,NO_SHARP_SIGNAL,0.7274800846876526,4.38,97.0,0.0,LOW,80.67,72.88,0.3,0.2,0.2,0.15,0.15,20.0,43.28,False,STANDARD,NS,low,PREMATCH LOW
3be3e0d8afa888ae8fc38f00,1528654,,Hebei Kungfu,Yanbian Longding,Hebei Kungfu,Yanbian Longding,2026-07-17T11:30:00+00:00,,None-None,2026-07-17 03:51,League One / China,League One,China,Hebei Kungfu vs Yanbian Longding,Hebei Kungfu vs Yanbian Longding,DOUBLE_X2,X2,X2,Betano,double_chance,Draw/Away,1.29,1.29,1.21,1.24,1.24,0.825,0.7752,0.807,80.7,0.8249691230914928,0.8175028243952107,0.8071,0.041,0.041,4.1,0.1415,0.0354,0.1415,20.0,20.0,0.75,1.5,,NO_DATA,,,False,API_FOOTBALL_FIXTURES+API_FOOTBALL_ODDS+API_FOOTBALL_TEAM_RESULTS,0.0,STABLE,NO_SIGNAL,0,PENDING_CLV,ACCEPTED,ACCEPTED,1.0,0.0,RISK,HIGH,HIGH,0,NEUTRAL,NO_SHARP_SIGNAL,0.8070019770766474,2.25,75.0,0.0,LOW,80.1,80.96,0.3,0.2,0.2,0.15,0.15,24.0,45.73,False,STANDARD,NS,low,PREMATCH LOW
61c30ec30e82784ff6b5f79a,1521980,,Green Gully,Dandenong Thunder,Green Gully,Dandenong Thunder,2026-07-17T09:30:00+00:00,,None-None,2026-07-17 03:50,Victoria NPL / Australia,Victoria NPL,Australia,Green Gully vs Dandenong Thunder,Green Gully vs Dandenong Thunder,DOUBLE_X2,X2,X2,Betano,double_chance,Draw/Away,2.07,2.07,1.98,2.0,2.0,0.5057,0.4831,0.5009,50.09,0.5056772425282732,0.5022894242649742,0.4976,0.037,0.037,3.7,0.0345,0.0086,0.0345,8.62,8.62,1.95,1.4,,NO_DATA,,,False,API_FOOTBALL_FIXTURES+API_FOOTBALL_ODDS+API_FOOTBALL_TEAM_RESULTS,0.0,STABLE,NO_SIGNAL,0,PENDING_CLV,ACCEPTED,ACCEPTED,1.0,0.0,RISK,HIGH,HIGH,0,NEUTRAL,NO_SHARP_SIGNAL,0.5009425969854819,3.35,97.0,0.0,LOW,53.89,49.97,0.3,0.2,0.2,0.15,0.15,8.62,29.59,False,STANDARD,NS,low,PREMATCH LOW
a581ac8315eb296128f5c570,1533745,,Suwon FMC W,Hwacheon KSPO W,Suwon FMC W,Hwacheon KSPO W,2026-07-17T10:00:00+00:00,,None-None,2026-07-17 03:51,WK-League / South-Korea,WK-League,South-Korea,Suwon FMC W vs Hwacheon KSPO W,Suwon FMC W vs Hwacheon KSPO W,BTTS_YES,BTTS Yes,BTTS Yes,Marathonbet,btts,Yes,1.73,1.73,1.62,1.67,1.67,0.617,0.5423,0.5989,59.89,0.6169555697899749,0.605761440670685,0.5902,0.1044,0.0362,3.62,0.0495,0.0124,0.0495,12.38,12.38,1.9,1.25,,NO_DATA,,,False,API_FOOTBALL_FIXTURES+API_FOOTBALL_ODDS+API_FOOTBALL_TEAM_RESULTS,0.0,STABLE,NO_SIGNAL,0,PENDING_CLV,ACCEPTED,ACCEPTED,1.0658,6.58,RISK,HIGH,HIGH,0,NEUTRAL,NO_SHARP_SIGNAL,0.5989330084694795,3.15,97.0,0.0,LOW,62.89,59.66,0.3,0.2,0.2,0.15,0.15,12.38,35.81,False,STANDARD,NS,low,PREMATCH LOW
a2235ee53e9dd4e045333ef5,1533745,,Suwon FMC W,Hwacheon KSPO W,Suwon FMC W,Hwacheon KSPO W,2026-07-17T10:00:00+00:00,,None-None,2026-07-17 03:51,WK-League / South-Korea,WK-League,South-Korea,Suwon FMC W vs Hwacheon KSPO W,Suwon FMC W vs Hwacheon KSPO W,DOUBLE_X2,X2,X2,Bet365,double_chance,Draw/Away,2.15,2.15,2.06,2.08,2.08,0.4843,0.4651,0.4808,48.08,0.4843461072576387,0.48146163302945805,0.4775,0.0337,0.0337,3.37,0.0293,0.0073,0.0293,7.33,7.33,1.9,1.25,,NO_DATA,,,False,API_FOOTBALL_FIXTURES+API_FOOTBALL_ODDS+API_FOOTBALL_TEAM_RESULTS,0.0,STABLE,NO_SIGNAL,0,PENDING_CLV,ACCEPTED,ACCEPTED,1.0,0.0,RISK,HIGH,HIGH,0,NEUTRAL,NO_SHARP_SIGNAL,0.4808131431206206,3.15,97.0,0.0,LOW,51.08,47.94,0.3,0.2,0.2,0.15,0.15,7.33,28.21,False,STANDARD,NS,low,PREMATCH LOW
a92eb4bcb38fffc0110d59de,1554978,,FC Nordsjaelland,Jagiellonia,FC Nordsjaelland,Jagiellonia,2026-07-17T13:00:00+00:00,,None-None,2026-07-17 03:51,Friendlies Clubs / World,Friendlies Clubs,World,FC Nordsjaelland vs Jagiellonia,FC Nordsjaelland vs Jagiellonia,DOUBLE_X2,X2,X2,Bet365,double_chance,Draw/Away,1.33,1.33,1.26,1.29,1.29,0.7924,0.7519,0.7771,77.71,0.7924199444502343,0.7863389076699172,0.7779,0.0336,0.0336,3.36,0.1018,0.0255,0.1018,20.0,20.0,1.04,1.79,,NO_DATA,,,False,API_FOOTBALL_FIXTURES+API_FOOTBALL_ODDS+API_FOOTBALL_TEAM_RESULTS,0.0,STABLE,NO_SIGNAL,0,PENDING_CLV,ACCEPTED,ACCEPTED,1.0,0.0,RISK,HIGH,HIGH,0,NEUTRAL,NO_SHARP_SIGNAL,0.7771472353689419,2.83,94.33,0.0,LOW,79.43,77.97,0.3,0.2,0.2,0.15,0.15,24.0,44.29,False,STANDARD,NS,low,PREMATCH LOW
a7e5af3649dec6d55a326725,1567641,,Pogoń Grod. Mazowiecki,Wigry Suwałki,Pogoń Grod. Mazowiecki,Wigry Suwałki,2026-07-17T13:00:00+00:00,,None-None,2026-07-17 03:52,Friendlies Clubs / World,Friendlies Clubs,World,Pogoń Grod. Mazowiecki vs Wigry Suwałki,Pogoń Grod. Mazowiecki vs Wigry Suwałki,OVER_0.5,Over 0.5,Over 0.5,1xBet,totals,Over,1.12,1.12,1.07,1.1,1.1,0.9358,0.8744,0.9128,91.28,0.9358140519468308,0.9266078634373174,0.9138,0.0439,0.0224,2.24,0.1865,0.0466,0.1865,20.0,20.0,1.33,1.61,,NO_DATA,,,False,API_FOOTBALL_FIXTURES+API_FOOTBALL_ODDS+API_FOOTBALL_TEAM_RESULTS,0.0,STABLE,NO_SIGNAL,0,PENDING_CLV,ACCEPTED,ACCEPTED,1.0211,2.11,RISK,HIGH,HIGH,0,NEUTRAL,NO_SHARP_SIGNAL,0.912835504406122,2.94,97.0,0.0,LOW,93.44,91.66,0.3,0.2,0.2,0.15,0.15,24.0,51.78,True,VALUE PICK,NS,low,PREMATCH LOW
82f4a7c6212c6932b037f711,1528652,,Suzhou Dongwu,Shenzhen Juniors,Suzhou Dongwu,Shenzhen Juniors,2026-07-17T11:00:00+00:00,,None-None,2026-07-17 03:51,League One / China,League One,China,Suzhou Dongwu vs Shenzhen Juniors,Suzhou Dongwu vs Shenzhen Juniors,BTTS_YES,BTTS Yes,BTTS Yes,Bet365,btts,Yes,1.8,1.8,1.73,1.76,1.76,0.5778,0.5349,0.5671,56.71,0.5777523932815956,0.5713220924288911,0.5624,0.0603,0.0209,2.09,0.0261,0.0065,0.0261,6.53,6.53,1.1,1.9,,NO_DATA,,,False,API_FOOTBALL_FIXTURES+API_FOOTBALL_ODDS+API_FOOTBALL_TEAM_RESULTS,0.0,STABLE,NO_SIGNAL,0,PENDING_CLV,ACCEPTED,ACCEPTED,1.0386,3.86,RISK,HIGH,HIGH,0,NEUTRAL,NO_SHARP_SIGNAL,0.5671454647002238,3.0,97.0,0.0,LOW,59.11,56.6,0.3,0.2,0.2,0.15,0.15,6.53,32.98,False,STANDARD,NS,low,PREMATCH LOW
9503e57bb242e62bae189e32,1583332,,Kolos Kovalivka,Kudrivka,Kolos Kovalivka,Kudrivka,2026-07-17T14:00:00+00:00,,None-None,2026-07-17 03:52,Friendlies Clubs / World,Friendlies Clubs,World,Kolos Kovalivka vs Kudrivka,Kolos Kovalivka vs Kudrivka,BTTS_NO,BTTS No,BTTS No,1xBet,btts,No,2.19,2.19,2.1,2.15,2.15,0.4772,0.4191,0.4659,46.59,0.47718058645359573,0.46846821997096755,0.4564,0.1117,0.0203,2.03,0.0171,0.0043,0.0171,4.28,4.28,1.68,0.99,,NO_DATA,,,False,API_FOOTBALL_FIXTURES+API_FOOTBALL_ODDS+API_FOOTBALL_TEAM_RESULTS,0.0,STABLE,NO_SIGNAL,0,PENDING_CLV,ACCEPTED,ACCEPTED,1.0895,8.95,RISK,HIGH,HIGH,0,NEUTRAL,NO_SHARP_SIGNAL,0.46589775397967725,2.67,89.0,0.0,LOW,47.67,46.22,0.3,0.2,0.2,0.15,0.15,4.28,27.88,False,STANDARD,NS,low,PREMATCH LOW
